model,tau_up,tau_dn,margin,median_sharpe,geo_equity,avg_trades,total_trades,avg_win_rate
gb,0.35,0.35,0.0,2.258288262629953,1.6214843659527431,12.21951219512195,501,0.597196164269335
gb,0.35,0.35,0.02,2.258288262629953,1.6144567541917572,12.21951219512195,501,0.5934438190535751
gb,0.35,0.35,0.04,1.7410696813492845,1.5280774559029138,12.21951219512195,501,0.5859391286220554
gb,0.35,0.35,0.06,1.7410696813492845,1.455602467786563,12.170731707317072,499,0.5901605169897853
gb,0.35,0.35,0.08,1.96248215260163,1.5359525220594918,12.097560975609756,496,0.6007921617677715
gb,0.35,0.35,0.1,2.0429666898979018,1.6172252846309778,12.024390243902438,493,0.6073161256088085
gb,0.35,0.35,0.12,2.1825949477242026,1.654537587416883,12.0,492,0.6051841112816723
gb,0.35,0.35,0.14,2.1825949477242026,1.6488422708604253,11.853658536585366,486,0.6105226751568215
gb,0.35,0.35,0.16,2.1825949477242026,1.6266183232467861,11.804878048780488,484,0.603333522845718
gb,0.35,0.35,0.18,2.1825949477242026,1.623395576578238,11.804878048780488,484,0.603333522845718
gb,0.35,0.35,0.2,2.1825949477242026,1.6314905376181996,11.75609756097561,482,0.6008528057308545
gb,0.35,0.4,0.0,2.201198569430926,1.62157476576645,12.282051282051283,479,0.5911581296196682
gb,0.35,0.4,0.02,2.2388088954444236,1.673565773213737,12.282051282051283,479,0.5931305162074394
gb,0.35,0.4,0.04,1.8996136269940578,1.6449627733315357,12.282051282051283,479,0.5891857430318971
gb,0.35,0.4,0.06,1.8142881110638158,1.5532636901018844,12.256410256410257,478,0.5883639152869923
gb,0.35,0.4,0.08,2.0205646840228986,1.602428232805198,12.23076923076923,477,0.5891857430318971
gb,0.35,0.4,0.1,2.0429666898979018,1.6319775747818714,12.179487179487179,475,0.5951029027952107
gb,0.35,0.4,0.12,2.0429666898979018,1.6487851278812415,12.179487179487179,475,0.5911581296196682
gb,0.35,0.4,0.14,2.0429666898979018,1.585740348193723,12.102564102564102,472,0.5862122208276056
gb,0.35,0.4,0.16,2.0429666898979018,1.5991684552781718,12.102564102564102,472,0.5840754686908535
gb,0.35,0.4,0.18,2.0429666898979018,1.5991684552781718,12.102564102564102,472,0.5840754686908535
gb,0.35,0.4,0.2,2.0429666898979018,1.5991684552781718,12.102564102564102,472,0.5840754686908535
gb,0.35,0.45,0.0,1.7601179382449728,1.4864460067499916,12.105263157894736,460,0.579153887048624
gb,0.35,0.45,0.02,1.7601179382449728,1.4822836557696473,12.105263157894736,460,0.5751053040526726
gb,0.35,0.45,0.04,1.7601179382449728,1.4796144536803553,12.105263157894736,460,0.5752739950108372
gb,0.35,0.45,0.06,1.7601179382449728,1.4789120305803378,12.105263157894736,460,0.5710567210567212
gb,0.35,0.45,0.08,1.7601179382449728,1.4711051477126096,12.105263157894736,460,0.5710567210567212
gb,0.35,0.45,0.1,2.0187272288853073,1.49969375653631,12.078947368421053,459,0.5805892937471886
gb,0.35,0.45,0.12,2.0187272288853073,1.5070035873219554,12.078947368421053,459,0.5785650022492129
gb,0.35,0.45,0.14,1.879650998260414,1.4933460383112702,12.026315789473685,457,0.5807426491637019
gb,0.35,0.45,0.16,1.8037654779476382,1.5233713127021629,12.026315789473685,457,0.5833343557027769
gb,0.35,0.45,0.18,1.8037654779476382,1.5073753863639137,12.0,456,0.5803531264057581
gb,0.35,0.45,0.2,1.8037654779476382,1.495454016004106,12.0,456,0.5783288349077824
gb,0.35,0.5,0.0,2.2299066096408993,,12.194444444444445,439,0.5981338106338108
gb,0.35,0.5,0.02,2.2299066096408993,,12.194444444444445,439,0.5981338106338108
gb,0.35,0.5,0.04,2.2299066096408993,,12.194444444444445,439,0.5981338106338108
gb,0.35,0.5,0.06,2.2299066096408993,,12.194444444444445,439,0.5981338106338108
gb,0.35,0.5,0.08,2.3741568934152255,,12.166666666666666,438,0.603072082238749
gb,0.35,0.5,0.1,2.3741568934152255,,12.166666666666666,438,0.603072082238749
gb,0.35,0.5,0.12,2.3741568934152255,,12.166666666666666,438,0.603072082238749
gb,0.35,0.5,0.14,2.3741568934152255,,12.166666666666666,438,0.603072082238749
gb,0.35,0.5,0.16,2.3741568934152255,,12.166666666666666,438,0.603072082238749
gb,0.35,0.5,0.18,2.2299066096408993,,12.166666666666666,438,0.6009353301019968
gb,0.35,0.5,0.2,2.2299066096408993,,12.166666666666666,438,0.6037131078797746
gb,0.35,0.55,0.0,2.175172108549141,,12.0,420,0.5995915195915197
gb,0.35,0.55,0.02,2.175172108549141,,12.0,420,0.5995915195915197
gb,0.35,0.55,0.04,2.175172108549141,,12.0,420,0.5995915195915197
gb,0.35,0.55,0.06,2.175172108549141,,12.0,420,0.5995915195915197
gb,0.35,0.55,0.08,2.175172108549141,,12.0,420,0.5995915195915197
gb,0.35,0.55,0.1,2.175172108549141,,12.0,420,0.5995915195915197
gb,0.35,0.55,0.12,2.175172108549141,,12.0,420,0.5995915195915197
gb,0.35,0.55,0.14,2.175172108549141,,12.0,420,0.5995915195915197
gb,0.35,0.55,0.16,2.175172108549141,,12.0,420,0.5995915195915197
gb,0.35,0.55,0.18,2.175172108549141,,12.0,420,0.5995915195915197
gb,0.35,0.55,0.2,2.175172108549141,,12.0,420,0.6027661227661228
gb,0.35,0.6,0.0,1.7410696813492845,1.2978980615528843,11.714285714285714,410,0.594004884004884
gb,0.35,0.6,0.02,1.7410696813492845,1.2978980615528843,11.714285714285714,410,0.594004884004884
gb,0.35,0.6,0.04,1.7410696813492845,1.2978980615528843,11.714285714285714,410,0.594004884004884
gb,0.35,0.6,0.06,1.7410696813492845,1.2978980615528843,11.714285714285714,410,0.594004884004884
gb,0.35,0.6,0.08,1.7410696813492845,1.2978980615528843,11.714285714285714,410,0.594004884004884
gb,0.35,0.6,0.1,1.7410696813492845,1.2978980615528843,11.714285714285714,410,0.594004884004884
gb,0.35,0.6,0.12,1.7410696813492845,1.2978980615528843,11.714285714285714,410,0.594004884004884
gb,0.35,0.6,0.14,1.7410696813492845,1.2978980615528843,11.714285714285714,410,0.594004884004884
gb,0.35,0.6,0.16,1.7410696813492845,1.2978980615528843,11.714285714285714,410,0.594004884004884
gb,0.35,0.6,0.18,1.7410696813492845,1.2978980615528843,11.714285714285714,410,0.594004884004884
gb,0.35,0.6,0.2,1.7410696813492845,1.2978980615528843,11.714285714285714,410,0.594004884004884
gb,0.35,0.65,0.0,1.529006144251305,1.2437380705322665,11.794117647058824,401,0.5774287803699569
gb,0.35,0.65,0.02,1.529006144251305,1.2437380705322665,11.794117647058824,401,0.5774287803699569
gb,0.35,0.65,0.04,1.529006144251305,1.2437380705322665,11.794117647058824,401,0.5774287803699569
gb,0.35,0.65,0.06,1.529006144251305,1.2437380705322665,11.794117647058824,401,0.5774287803699569
gb,0.35,0.65,0.08,1.529006144251305,1.2437380705322665,11.794117647058824,401,0.5774287803699569
gb,0.35,0.65,0.1,1.529006144251305,1.2437380705322665,11.794117647058824,401,0.5774287803699569
gb,0.35,0.65,0.12,1.529006144251305,1.2437380705322665,11.794117647058824,401,0.5774287803699569
gb,0.35,0.65,0.14,1.529006144251305,1.2437380705322665,11.794117647058824,401,0.5774287803699569
gb,0.35,0.65,0.16,1.529006144251305,1.2437380705322665,11.794117647058824,401,0.5774287803699569
gb,0.35,0.65,0.18,1.529006144251305,1.2437380705322665,11.794117647058824,401,0.5774287803699569
gb,0.35,0.65,0.2,1.529006144251305,1.2437380705322665,11.794117647058824,401,0.5774287803699569
gb,0.35,0.7,0.0,1.3705914427717234,1.26042528193392,11.93939393939394,394,0.5801358574085846
gb,0.35,0.7,0.02,1.3705914427717234,1.26042528193392,11.93939393939394,394,0.5801358574085846
gb,0.35,0.7,0.04,1.3705914427717234,1.26042528193392,11.93939393939394,394,0.5801358574085846
gb,0.35,0.7,0.06,1.3705914427717234,1.26042528193392,11.93939393939394,394,0.5801358574085846
gb,0.35,0.7,0.08,1.3705914427717234,1.26042528193392,11.93939393939394,394,0.5801358574085846
gb,0.35,0.7,0.1,1.3705914427717234,1.26042528193392,11.93939393939394,394,0.5801358574085846
gb,0.35,0.7,0.12,1.3705914427717234,1.26042528193392,11.93939393939394,394,0.5801358574085846
gb,0.35,0.7,0.14,1.3705914427717234,1.26042528193392,11.93939393939394,394,0.5801358574085846
gb,0.35,0.7,0.16,1.3705914427717234,1.26042528193392,11.93939393939394,394,0.5801358574085846
gb,0.35,0.7,0.18,1.3705914427717234,1.26042528193392,11.93939393939394,394,0.5801358574085846
gb,0.35,0.7,0.2,1.3705914427717234,1.26042528193392,11.93939393939394,394,0.5801358574085846
gb,0.35,0.75,0.0,1.3705914427717234,1.2380459165089517,11.909090909090908,393,0.5741670787125333
gb,0.35,0.75,0.02,1.3705914427717234,1.2380459165089517,11.909090909090908,393,0.5741670787125333
gb,0.35,0.75,0.04,1.3705914427717234,1.2380459165089517,11.909090909090908,393,0.5741670787125333
gb,0.35,0.75,0.06,1.3705914427717234,1.2380459165089517,11.909090909090908,393,0.5741670787125333
gb,0.35,0.75,0.08,1.3705914427717234,1.2380459165089517,11.909090909090908,393,0.5741670787125333
gb,0.35,0.75,0.1,1.3705914427717234,1.2380459165089517,11.909090909090908,393,0.5741670787125333
gb,0.35,0.75,0.12,1.3705914427717234,1.2380459165089517,11.909090909090908,393,0.5741670787125333
gb,0.35,0.75,0.14,1.3705914427717234,1.2380459165089517,11.909090909090908,393,0.5741670787125333
gb,0.35,0.75,0.16,1.3705914427717234,1.2380459165089517,11.909090909090908,393,0.5741670787125333
gb,0.35,0.75,0.18,1.3705914427717234,1.2380459165089517,11.909090909090908,393,0.5741670787125333
gb,0.35,0.75,0.2,1.3705914427717234,1.2380459165089517,11.909090909090908,393,0.5741670787125333
gb,0.4,0.35,0.0,2.378310039775526,1.7778569587426911,11.925,477,0.6286057692307693
gb,0.4,0.35,0.02,2.452217987426852,1.8282860643982277,11.925,477,0.6305288461538462
gb,0.4,0.35,0.04,2.305030255418975,1.7444998054291037,11.925,477,0.6305288461538462
gb,0.4,0.35,0.06,2.305030255418975,1.7583704508181512,11.925,477,0.6305288461538462
gb,0.4,0.35,0.08,2.378310039775526,1.7531295395533533,11.925,477,0.6362980769230769
gb,0.4,0.35,0.1,2.1470367986032555,1.6851524410517633,11.9,476,0.6318108974358975
gb,0.4,0.35,0.12,2.0851802790781373,1.6406225275128572,11.875,475,0.6230113636363637
gb,0.4,0.35,0.14,2.0851802790781373,1.5930429817676186,11.825,473,0.6189903846153847
gb,0.4,0.35,0.16,2.0851802790781373,1.5733703487489348,11.825,473,0.6170673076923078
gb,0.4,0.35,0.18,2.0851802790781373,1.5589301818347372,11.825,473,0.6151442307692309
gb,0.4,0.35,0.2,1.9684535947720327,1.5498916808971048,11.825,473,0.611298076923077
gb,0.4,0.4,0.0,2.201198569430926,1.6732040605752212,12.0,444,0.6046656796656797
gb,0.4,0.4,0.02,2.2388088954444236,1.7051845537047354,12.0,444,0.6067446817446818
gb,0.4,0.4,0.04,2.0584592353117324,1.665888456427036,12.0,444,0.6086504336504337
gb,0.4,0.4,0.06,2.0584592353117324,1.6678352973927746,12.0,444,0.6088236838236839
gb,0.4,0.4,0.08,2.0584592353117324,1.6604717713622514,12.0,444,0.6109026859026859
gb,0.4,0.4,0.1,2.0584592353117324,1.6534821475074668,11.972972972972974,443,0.6121311871311871
gb,0.4,0.4,0.12,2.0584592353117324,1.6602569580681321,11.972972972972974,443,0.6100521850521852
gb,0.4,0.4,0.14,2.0584592353117324,1.6358680048352585,11.945945945945946,442,0.609012684012684
gb,0.4,0.4,0.16,2.0584592353117324,1.6358680048352585,11.945945945945946,442,0.609012684012684
gb,0.4,0.4,0.18,2.0584592353117324,1.6358680048352585,11.945945945945946,442,0.609012684012684
gb,0.4,0.4,0.2,2.0584592353117324,1.6358680048352585,11.945945945945946,442,0.609012684012684
gb,0.4,0.45,0.0,2.1775742341863076,1.588531661225158,11.38888888888889,410,0.6052355823189157
gb,0.4,0.45,0.02,2.1775742341863076,1.5835531753537262,11.38888888888889,410,0.6009620780454115
gb,0.4,0.45,0.04,2.1775742341863076,1.5864387210875452,11.38888888888889,410,0.6009620780454115
gb,0.4,0.45,0.06,2.1775742341863076,1.5813994879147026,11.38888888888889,410,0.5986472632305967
gb,0.4,0.45,0.08,2.1775742341863076,1.5684260925788753,11.38888888888889,410,0.5986472632305967
gb,0.4,0.45,0.1,2.1775742341863076,1.57091259951615,11.38888888888889,410,0.5986472632305967
gb,0.4,0.45,0.12,2.1775742341863076,1.5760253498638224,11.38888888888889,410,0.5986472632305967
gb,0.4,0.45,0.14,2.1775742341863076,1.5689500988107203,11.38888888888889,410,0.5986472632305967
gb,0.4,0.45,0.16,2.1775742341863076,1.5689500988107203,11.38888888888889,410,0.5986472632305967
gb,0.4,0.45,0.18,2.1775742341863076,1.5689500988107203,11.38888888888889,410,0.5986472632305967
gb,0.4,0.45,0.2,2.1775742341863076,1.5689500988107203,11.38888888888889,410,0.5986472632305967
gb,0.4,0.5,0.0,2.4477847731701745,1.7469086056908936,11.411764705882353,388,0.6082970134440723
gb,0.4,0.5,0.02,2.4477847731701745,1.7469086056908936,11.411764705882353,388,0.6082970134440723
gb,0.4,0.5,0.04,2.4477847731701745,1.7469086056908936,11.411764705882353,388,0.6082970134440723
gb,0.4,0.5,0.06,2.4477847731701745,1.7469086056908936,11.411764705882353,388,0.6082970134440723
gb,0.4,0.5,0.08,2.505513106614213,1.7947276826980163,11.382352941176471,387,0.6135257716140069
gb,0.4,0.5,0.1,2.505513106614213,1.7947276826980163,11.382352941176471,387,0.6135257716140069
gb,0.4,0.5,0.12,2.505513106614213,1.7958877220852227,11.382352941176471,387,0.6135257716140069
gb,0.4,0.5,0.14,2.505513106614213,1.8031400380211917,11.382352941176471,387,0.6135257716140069
gb,0.4,0.5,0.16,2.505513106614213,1.8020179496712414,11.382352941176471,387,0.6135257716140069
gb,0.4,0.5,0.18,2.505513106614213,1.8020179496712414,11.382352941176471,387,0.6135257716140069
gb,0.4,0.5,0.2,2.505513106614213,1.8020179496712414,11.382352941176471,387,0.6135257716140069
gb,0.4,0.55,0.0,2.258288262629953,1.737697064013303,11.090909090909092,366,0.6227696545878364
gb,0.4,0.55,0.02,2.258288262629953,1.737697064013303,11.090909090909092,366,0.6227696545878364
gb,0.4,0.55,0.04,2.258288262629953,1.737697064013303,11.090909090909092,366,0.6227696545878364
gb,0.4,0.55,0.06,2.258288262629953,1.737697064013303,11.090909090909092,366,0.6227696545878364
gb,0.4,0.55,0.08,2.258288262629953,1.737697064013303,11.090909090909092,366,0.6227696545878364
gb,0.4,0.55,0.1,2.258288262629953,1.737697064013303,11.090909090909092,366,0.6227696545878364
gb,0.4,0.55,0.12,2.258288262629953,1.737697064013303,11.090909090909092,366,0.6227696545878364
gb,0.4,0.55,0.14,2.258288262629953,1.737697064013303,11.090909090909092,366,0.6227696545878364
gb,0.4,0.55,0.16,2.258288262629953,1.733078992197906,11.090909090909092,366,0.6189817757999576
gb,0.4,0.55,0.18,2.258288262629953,1.7334867127171891,11.090909090909092,366,0.6189817757999576
gb,0.4,0.55,0.2,2.258288262629953,1.7334867127171891,11.090909090909092,366,0.6189817757999576
gb,0.4,0.6,0.0,2.258288262629953,1.649438304735729,11.0,341,0.610889289921548
gb,0.4,0.6,0.02,2.258288262629953,1.649438304735729,11.0,341,0.610889289921548
gb,0.4,0.6,0.04,2.258288262629953,1.649438304735729,11.0,341,0.610889289921548
gb,0.4,0.6,0.06,2.258288262629953,1.649438304735729,11.0,341,0.610889289921548
gb,0.4,0.6,0.08,2.258288262629953,1.649438304735729,11.0,341,0.610889289921548
gb,0.4,0.6,0.1,2.258288262629953,1.649438304735729,11.0,341,0.610889289921548
gb,0.4,0.6,0.12,2.258288262629953,1.649438304735729,11.0,341,0.610889289921548
gb,0.4,0.6,0.14,2.258288262629953,1.649438304735729,11.0,341,0.610889289921548
gb,0.4,0.6,0.16,2.258288262629953,1.649438304735729,11.0,341,0.610889289921548
gb,0.4,0.6,0.18,2.258288262629953,1.649438304735729,11.0,341,0.610889289921548
gb,0.4,0.6,0.2,2.258288262629953,1.649438304735729,11.0,341,0.610889289921548
gb,0.4,0.65,0.0,2.265389463021325,1.6162842834946047,11.0,330,0.5903542753542753
gb,0.4,0.65,0.02,2.265389463021325,1.6162842834946047,11.0,330,0.5903542753542753
gb,0.4,0.65,0.04,2.265389463021325,1.6162842834946047,11.0,330,0.5903542753542753
gb,0.4,0.65,0.06,2.265389463021325,1.6162842834946047,11.0,330,0.5903542753542753
gb,0.4,0.65,0.08,2.265389463021325,1.6162842834946047,11.0,330,0.5903542753542753
gb,0.4,0.65,0.1,2.265389463021325,1.6162842834946047,11.0,330,0.5903542753542753
gb,0.4,0.65,0.12,2.265389463021325,1.6162842834946047,11.0,330,0.5903542753542753
gb,0.4,0.65,0.14,2.265389463021325,1.6162842834946047,11.0,330,0.5903542753542753
gb,0.4,0.65,0.16,2.265389463021325,1.6162842834946047,11.0,330,0.5903542753542753
gb,0.4,0.65,0.18,2.265389463021325,1.6162842834946047,11.0,330,0.5903542753542753
gb,0.4,0.65,0.2,2.265389463021325,1.6162842834946047,11.0,330,0.5903542753542753
gb,0.4,0.7,0.0,2.258288262629953,1.603509156323644,11.10344827586207,322,0.5898574605471156
gb,0.4,0.7,0.02,2.258288262629953,1.603509156323644,11.10344827586207,322,0.5898574605471156
gb,0.4,0.7,0.04,2.258288262629953,1.603509156323644,11.10344827586207,322,0.5898574605471156
gb,0.4,0.7,0.06,2.258288262629953,1.603509156323644,11.10344827586207,322,0.5898574605471156
gb,0.4,0.7,0.08,2.258288262629953,1.603509156323644,11.10344827586207,322,0.5898574605471156
gb,0.4,0.7,0.1,2.258288262629953,1.603509156323644,11.10344827586207,322,0.5898574605471156
gb,0.4,0.7,0.12,2.258288262629953,1.603509156323644,11.10344827586207,322,0.5898574605471156
gb,0.4,0.7,0.14,2.258288262629953,1.603509156323644,11.10344827586207,322,0.5898574605471156
gb,0.4,0.7,0.16,2.258288262629953,1.603509156323644,11.10344827586207,322,0.5898574605471156
gb,0.4,0.7,0.18,2.258288262629953,1.603509156323644,11.10344827586207,322,0.5898574605471156
gb,0.4,0.7,0.2,2.258288262629953,1.603509156323644,11.10344827586207,322,0.5898574605471156
gb,0.4,0.75,0.0,1.8038715871665776,1.6054690333036852,11.03448275862069,320,0.5877501808536291
gb,0.4,0.75,0.02,1.8038715871665776,1.6054690333036852,11.03448275862069,320,0.5877501808536291
gb,0.4,0.75,0.04,1.8038715871665776,1.6054690333036852,11.03448275862069,320,0.5877501808536291
gb,0.4,0.75,0.06,1.8038715871665776,1.6054690333036852,11.03448275862069,320,0.5877501808536291
gb,0.4,0.75,0.08,1.8038715871665776,1.6054690333036852,11.03448275862069,320,0.5877501808536291
gb,0.4,0.75,0.1,1.8038715871665776,1.6054690333036852,11.03448275862069,320,0.5877501808536291
gb,0.4,0.75,0.12,1.8038715871665776,1.6054690333036852,11.03448275862069,320,0.5877501808536291
gb,0.4,0.75,0.14,1.8038715871665776,1.6054690333036852,11.03448275862069,320,0.5877501808536291
gb,0.4,0.75,0.16,1.8038715871665776,1.6054690333036852,11.03448275862069,320,0.5877501808536291
gb,0.4,0.75,0.18,1.8038715871665776,1.6054690333036852,11.03448275862069,320,0.5877501808536291
gb,0.4,0.75,0.2,1.8038715871665776,1.6054690333036852,11.03448275862069,320,0.5877501808536291
gb,0.45,0.35,0.0,1.9488430172123445,1.6064886839488906,11.894736842105264,452,0.6092708461129515
gb,0.45,0.35,0.02,1.9488430172123445,1.6048207583539882,11.894736842105264,452,0.6031979716190243
gb,0.45,0.35,0.04,1.9129836408924132,1.5732797143169195,11.868421052631579,451,0.6042101173680122
gb,0.45,0.35,0.06,1.862640515955483,1.5564897755390639,11.868421052631579,451,0.6040414264098475
gb,0.45,0.35,0.08,1.8984998922754146,1.5267063276404198,11.868421052631579,451,0.599992843413896
gb,0.45,0.35,0.1,1.8984998922754146,1.484750901745864,11.842105263157896,450,0.6030139451192084
gb,0.45,0.35,0.12,1.8984998922754146,1.353915104080986,11.842105263157896,450,0.6033819981188403
gb,0.45,0.35,0.14,1.8984998922754146,1.3406381384598494,11.81578947368421,449,0.6021858258700364
gb,0.45,0.35,0.16,1.6721953145551745,1.322349922166165,11.81578947368421,449,0.6001615343720608
gb,0.45,0.35,0.18,1.6721953145551745,1.3234641406266952,11.81578947368421,449,0.6001615343720608
gb,0.45,0.35,0.2,1.6721953145551745,1.3153385449502977,11.81578947368421,449,0.5981372428740851
gb,0.45,0.4,0.0,2.1253789113774886,1.7149632654596696,11.970588235294118,407,0.6104015265779973
gb,0.45,0.4,0.02,2.1253789113774886,1.7129733621643548,11.970588235294118,407,0.6036141962612551
gb,0.45,0.4,0.04,2.095734484384173,1.7184844553777863,11.970588235294118,407,0.6058766397001693
gb,0.45,0.4,0.06,2.1253789113774886,1.7136072647807068,11.970588235294118,407,0.6054652863476394
gb,0.45,0.4,0.08,2.129686789733661,1.7225195820062629,11.970588235294118,407,0.6081390831390833
gb,0.45,0.4,0.1,2.129686789733661,1.7272831649570017,11.941176470588236,406,0.6092086018556607
gb,0.45,0.4,0.12,2.129686789733661,1.7272831649570017,11.941176470588236,406,0.6092086018556607
gb,0.45,0.4,0.14,2.129686789733661,1.7154935975524077,11.941176470588236,406,0.6092086018556607
gb,0.45,0.4,0.16,2.129686789733661,1.7154935975524077,11.941176470588236,406,0.6092086018556607
gb,0.45,0.4,0.18,2.129686789733661,1.7154935975524077,11.941176470588236,406,0.6092086018556607
gb,0.45,0.4,0.2,2.129686789733661,1.7154935975524077,11.941176470588236,406,0.6092086018556607
gb,0.45,0.45,0.0,2.6550938460822398,1.8410548201306893,11.25,360,0.6303333818958818
gb,0.45,0.45,0.02,2.6269243057954625,1.8330261183492316,11.25,360,0.6255256895881895
gb,0.45,0.45,0.04,2.6269243057954625,1.83745395472643,11.25,360,0.6255256895881895
gb,0.45,0.45,0.06,2.6269243057954625,1.8372191330288457,11.25,360,0.6255256895881895
gb,0.45,0.45,0.08,2.6269243057954625,1.8372191330288457,11.25,360,0.6255256895881895
gb,0.45,0.45,0.1,2.6269243057954625,1.8372191330288457,11.25,360,0.6255256895881895
gb,0.45,0.45,0.12,2.6269243057954625,1.8372191330288457,11.25,360,0.6255256895881895
gb,0.45,0.45,0.14,2.6269243057954625,1.8372191330288457,11.25,360,0.6255256895881895
gb,0.45,0.45,0.16,2.6269243057954625,1.8372191330288457,11.25,360,0.6255256895881895
gb,0.45,0.45,0.18,2.6269243057954625,1.8372191330288457,11.25,360,0.6255256895881895
gb,0.45,0.45,0.2,2.6269243057954625,1.8372191330288457,11.25,360,0.6255256895881895
gb,0.45,0.5,0.0,2.619944920262941,1.943725384913557,11.206896551724139,325,0.6289525608491127
gb,0.45,0.5,0.02,2.619944920262941,1.943725384913557,11.206896551724139,325,0.6289525608491127
gb,0.45,0.5,0.04,2.619944920262941,1.943725384913557,11.206896551724139,325,0.6289525608491127
gb,0.45,0.5,0.06,2.619944920262941,1.943725384913557,11.206896551724139,325,0.6289525608491127
gb,0.45,0.5,0.08,2.619944920262941,1.9410214048520171,11.206896551724139,325,0.6289525608491127
gb,0.45,0.5,0.1,2.619944920262941,1.9410214048520171,11.206896551724139,325,0.6289525608491127
gb,0.45,0.5,0.12,2.619944920262941,1.9410214048520171,11.206896551724139,325,0.6289525608491127
gb,0.45,0.5,0.14,2.619944920262941,1.9410214048520171,11.206896551724139,325,0.6289525608491127
gb,0.45,0.5,0.16,2.619944920262941,1.9410214048520171,11.206896551724139,325,0.6289525608491127
gb,0.45,0.5,0.18,2.619944920262941,1.9410214048520171,11.206896551724139,325,0.6289525608491127
gb,0.45,0.5,0.2,2.619944920262941,1.9410214048520171,11.206896551724139,325,0.6289525608491127
gb,0.45,0.55,0.0,2.5998257793028046,2.006099063413089,10.642857142857142,298,0.6418873784945215
gb,0.45,0.55,0.02,2.5998257793028046,2.006099063413089,10.642857142857142,298,0.6418873784945215
gb,0.45,0.55,0.04,2.5998257793028046,2.006099063413089,10.642857142857142,298,0.6418873784945215
gb,0.45,0.55,0.06,2.5998257793028046,2.006099063413089,10.642857142857142,298,0.6418873784945215
gb,0.45,0.55,0.08,2.5998257793028046,2.006099063413089,10.642857142857142,298,0.6418873784945215
gb,0.45,0.55,0.1,2.5998257793028046,2.006532599927038,10.642857142857142,298,0.6418873784945215
gb,0.45,0.55,0.12,2.5998257793028046,2.008686719391168,10.642857142857142,298,0.6418873784945215
gb,0.45,0.55,0.14,2.5998257793028046,1.9648826680930997,10.607142857142858,297,0.641037038358467
gb,0.45,0.55,0.16,2.5998257793028046,1.9648826680930997,10.607142857142858,297,0.641037038358467
gb,0.45,0.55,0.18,2.5998257793028046,1.9648826680930997,10.607142857142858,297,0.641037038358467
gb,0.45,0.55,0.2,2.5998257793028046,1.9648826680930997,10.607142857142858,297,0.641037038358467
gb,0.45,0.6,0.0,2.4142711725545936,1.9622061983572037,10.68,267,0.6367926517926518
gb,0.45,0.6,0.02,2.4142711725545936,1.9622061983572037,10.68,267,0.6367926517926518
gb,0.45,0.6,0.04,2.4142711725545936,1.9622061983572037,10.68,267,0.6367926517926518
gb,0.45,0.6,0.06,2.4142711725545936,1.9622061983572037,10.68,267,0.6367926517926518
gb,0.45,0.6,0.08,2.4142711725545936,1.9622061983572037,10.68,267,0.6367926517926518
gb,0.45,0.6,0.1,2.4142711725545936,1.9622061983572037,10.68,267,0.6367926517926518
gb,0.45,0.6,0.12,2.4142711725545936,1.9622061983572037,10.68,267,0.6367926517926518
gb,0.45,0.6,0.14,2.4142711725545936,1.9622061983572037,10.68,267,0.6367926517926518
gb,0.45,0.6,0.16,2.4142711725545936,1.9622061983572037,10.68,267,0.6367926517926518
gb,0.45,0.6,0.18,2.4142711725545936,1.9622061983572037,10.68,267,0.6367926517926518
gb,0.45,0.6,0.2,2.4142711725545936,1.9622061983572037,10.68,267,0.6367926517926518
gb,0.45,0.65,0.0,2.3635985238034065,1.9593229366165565,10.666666666666666,256,0.6208172614422615
gb,0.45,0.65,0.02,2.3635985238034065,1.9593229366165565,10.666666666666666,256,0.6208172614422615
gb,0.45,0.65,0.04,2.3635985238034065,1.9593229366165565,10.666666666666666,256,0.6208172614422615
gb,0.45,0.65,0.06,2.3635985238034065,1.9593229366165565,10.666666666666666,256,0.6208172614422615
gb,0.45,0.65,0.08,2.3635985238034065,1.9593229366165565,10.666666666666666,256,0.6208172614422615
gb,0.45,0.65,0.1,2.3635985238034065,1.9593229366165565,10.666666666666666,256,0.6208172614422615
gb,0.45,0.65,0.12,2.3635985238034065,1.9593229366165565,10.666666666666666,256,0.6208172614422615
gb,0.45,0.65,0.14,2.3635985238034065,1.9593229366165565,10.666666666666666,256,0.6208172614422615
gb,0.45,0.65,0.16,2.3635985238034065,1.9593229366165565,10.666666666666666,256,0.6208172614422615
gb,0.45,0.65,0.18,2.3635985238034065,1.9593229366165565,10.666666666666666,256,0.6208172614422615
gb,0.45,0.65,0.2,2.3635985238034065,1.9593229366165565,10.666666666666666,256,0.6208172614422615
gb,0.45,0.7,0.0,2.3129258750522195,1.9218193718586636,10.73913043478261,247,0.6202260300086386
gb,0.45,0.7,0.02,2.3129258750522195,1.9218193718586636,10.73913043478261,247,0.6202260300086386
gb,0.45,0.7,0.04,2.3129258750522195,1.9218193718586636,10.73913043478261,247,0.6202260300086386
gb,0.45,0.7,0.06,2.3129258750522195,1.9218193718586636,10.73913043478261,247,0.6202260300086386
gb,0.45,0.7,0.08,2.3129258750522195,1.9218193718586636,10.73913043478261,247,0.6202260300086386
gb,0.45,0.7,0.1,2.3129258750522195,1.9218193718586636,10.73913043478261,247,0.6202260300086386
gb,0.45,0.7,0.12,2.3129258750522195,1.9218193718586636,10.73913043478261,247,0.6202260300086386
gb,0.45,0.7,0.14,2.3129258750522195,1.9218193718586636,10.73913043478261,247,0.6202260300086386
gb,0.45,0.7,0.16,2.3129258750522195,1.9218193718586636,10.73913043478261,247,0.6202260300086386
gb,0.45,0.7,0.18,2.3129258750522195,1.9218193718586636,10.73913043478261,247,0.6202260300086386
gb,0.45,0.7,0.2,2.3129258750522195,1.9218193718586636,10.73913043478261,247,0.6202260300086386
gb,0.45,0.75,0.0,2.3129258750522195,1.8876713817563933,10.652173913043478,245,0.6167063612715786
gb,0.45,0.75,0.02,2.3129258750522195,1.8876713817563933,10.652173913043478,245,0.6167063612715786
gb,0.45,0.75,0.04,2.3129258750522195,1.8876713817563933,10.652173913043478,245,0.6167063612715786
gb,0.45,0.75,0.06,2.3129258750522195,1.8876713817563933,10.652173913043478,245,0.6167063612715786
gb,0.45,0.75,0.08,2.3129258750522195,1.8876713817563933,10.652173913043478,245,0.6167063612715786
gb,0.45,0.75,0.1,2.3129258750522195,1.8876713817563933,10.652173913043478,245,0.6167063612715786
gb,0.45,0.75,0.12,2.3129258750522195,1.8876713817563933,10.652173913043478,245,0.6167063612715786
gb,0.45,0.75,0.14,2.3129258750522195,1.8876713817563933,10.652173913043478,245,0.6167063612715786
gb,0.45,0.75,0.16,2.3129258750522195,1.8876713817563933,10.652173913043478,245,0.6167063612715786
gb,0.45,0.75,0.18,2.3129258750522195,1.8876713817563933,10.652173913043478,245,0.6167063612715786
gb,0.45,0.75,0.2,2.3129258750522195,1.8876713817563933,10.652173913043478,245,0.6167063612715786
gb,0.5,0.35,0.0,1.4543327371761285,,11.18918918918919,414,0.5815482565482565
gb,0.5,0.35,0.02,1.4543327371761285,,11.18918918918919,414,0.5815482565482565
gb,0.5,0.35,0.04,1.4543327371761285,,11.18918918918919,414,0.5815482565482565
gb,0.5,0.35,0.06,1.4543327371761285,,11.18918918918919,414,0.5883050133050133
gb,0.5,0.35,0.08,1.4543327371761285,,11.18918918918919,414,0.5883050133050133
gb,0.5,0.35,0.1,1.4543327371761285,,11.18918918918919,414,0.5862260112260113
gb,0.5,0.35,0.12,1.4543327371761285,,11.18918918918919,414,0.5862260112260113
gb,0.5,0.35,0.14,1.4543327371761285,,11.18918918918919,414,0.5862260112260113
gb,0.5,0.35,0.16,1.4543327371761285,,11.18918918918919,414,0.5862260112260113
gb,0.5,0.35,0.18,1.4543327371761285,,11.18918918918919,414,0.5883050133050133
gb,0.5,0.35,0.2,1.4869574633997267,1.3981307648042747,11.18918918918919,414,0.5945420195420196
gb,0.5,0.4,0.0,2.0548013104558978,1.7002211163819898,11.32258064516129,351,0.6049795186891961
gb,0.5,0.4,0.02,2.0548013104558978,1.7002211163819898,11.32258064516129,351,0.6049795186891961
gb,0.5,0.4,0.04,2.0548013104558978,1.7002211163819898,11.32258064516129,351,0.6049795186891961
gb,0.5,0.4,0.06,2.197616075869505,1.7347733284658033,11.32258064516129,351,0.6082053251408089
gb,0.5,0.4,0.08,2.197616075869505,1.7347733284658033,11.32258064516129,351,0.6082053251408089
gb,0.5,0.4,0.1,2.0548013104558978,1.6844500871121342,11.32258064516129,351,0.6024981291110323
gb,0.5,0.4,0.12,2.0548013104558978,1.6844500871121342,11.32258064516129,351,0.6024981291110323
gb,0.5,0.4,0.14,2.0548013104558978,1.6628923745782294,11.32258064516129,351,0.6024981291110323
gb,0.5,0.4,0.16,2.0548013104558978,1.6628923745782294,11.32258064516129,351,0.6024981291110323
gb,0.5,0.4,0.18,2.0548013104558978,1.6628923745782294,11.32258064516129,351,0.6024981291110323
gb,0.5,0.4,0.2,2.0548013104558978,1.6628923745782294,11.32258064516129,351,0.6024981291110323
gb,0.5,0.45,0.0,2.5048773967803872,1.823446910913325,10.464285714285714,293,0.6197208545422831
gb,0.5,0.45,0.02,2.5048773967803872,1.823446910913325,10.464285714285714,293,0.6197208545422831
gb,0.5,0.45,0.04,2.5048773967803872,1.8185219908139043,10.464285714285714,293,0.6197208545422831
gb,0.5,0.45,0.06,2.5048773967803872,1.8185219908139043,10.464285714285714,293,0.6197208545422831
gb,0.5,0.45,0.08,2.5048773967803872,1.8394078691227886,10.464285714285714,293,0.6197208545422831
gb,0.5,0.45,0.1,2.5048773967803872,1.8394078691227886,10.464285714285714,293,0.6197208545422831
gb,0.5,0.45,0.12,2.5048773967803872,1.8394078691227886,10.464285714285714,293,0.6197208545422831
gb,0.5,0.45,0.14,2.5048773967803872,1.8394078691227886,10.464285714285714,293,0.6197208545422831
gb,0.5,0.45,0.16,2.5048773967803872,1.8394078691227886,10.464285714285714,293,0.6197208545422831
gb,0.5,0.45,0.18,2.5048773967803872,1.8394078691227886,10.464285714285714,293,0.6197208545422831
gb,0.5,0.45,0.2,2.5048773967803872,1.8394078691227886,10.464285714285714,293,0.6197208545422831
gb,0.5,0.5,0.0,2.98985051280674,2.0556871071899856,10.333333333333334,248,0.6422180828430829
gb,0.5,0.5,0.02,2.98985051280674,2.0556871071899856,10.333333333333334,248,0.6422180828430829
gb,0.5,0.5,0.04,2.98985051280674,2.0556871071899856,10.333333333333334,248,0.6422180828430829
gb,0.5,0.5,0.06,2.98985051280674,2.0556871071899856,10.333333333333334,248,0.6422180828430829
gb,0.5,0.5,0.08,2.98985051280674,2.0556871071899856,10.333333333333334,248,0.6422180828430829
gb,0.5,0.5,0.1,2.98985051280674,2.0556871071899856,10.333333333333334,248,0.6422180828430829
gb,0.5,0.5,0.12,2.98985051280674,2.0556871071899856,10.333333333333334,248,0.6422180828430829
gb,0.5,0.5,0.14,2.98985051280674,2.0556871071899856,10.333333333333334,248,0.6422180828430829
gb,0.5,0.5,0.16,2.98985051280674,2.0556871071899856,10.333333333333334,248,0.6422180828430829
gb,0.5,0.5,0.18,2.98985051280674,2.0556871071899856,10.333333333333334,248,0.6422180828430829
gb,0.5,0.5,0.2,2.98985051280674,2.0556871071899856,10.333333333333334,248,0.6422180828430829
gb,0.5,0.55,0.0,2.9860582011799166,2.159803955156442,10.0,210,0.6523599416456559
gb,0.5,0.55,0.02,2.9860582011799166,2.159803955156442,10.0,210,0.6523599416456559
gb,0.5,0.55,0.04,2.9860582011799166,2.159803955156442,10.0,210,0.6523599416456559
gb,0.5,0.55,0.06,2.9860582011799166,2.159803955156442,10.0,210,0.6523599416456559
gb,0.5,0.55,0.08,2.9860582011799166,2.159803955156442,10.0,210,0.6523599416456559
gb,0.5,0.55,0.1,2.9860582011799166,2.159803955156442,10.0,210,0.6523599416456559
gb,0.5,0.55,0.12,2.9860582011799166,2.159803955156442,10.0,210,0.6523599416456559
gb,0.5,0.55,0.14,2.9860582011799166,2.159803955156442,10.0,210,0.6523599416456559
gb,0.5,0.55,0.16,2.9860582011799166,2.159803955156442,10.0,210,0.6523599416456559
gb,0.5,0.55,0.18,2.9860582011799166,2.159803955156442,10.0,210,0.6523599416456559
gb,0.5,0.55,0.2,2.9860582011799166,2.159803955156442,10.0,210,0.6523599416456559
gb,0.5,0.6,0.0,3.022594639141004,2.2533639161178556,10.166666666666666,183,0.6756148172814841
gb,0.5,0.6,0.02,3.022594639141004,2.2533639161178556,10.166666666666666,183,0.6756148172814841
gb,0.5,0.6,0.04,3.022594639141004,2.2533639161178556,10.166666666666666,183,0.6756148172814841
gb,0.5,0.6,0.06,3.022594639141004,2.2533639161178556,10.166666666666666,183,0.6756148172814841
gb,0.5,0.6,0.08,3.022594639141004,2.2533639161178556,10.166666666666666,183,0.6756148172814841
gb,0.5,0.6,0.1,3.022594639141004,2.2533639161178556,10.166666666666666,183,0.6756148172814841
gb,0.5,0.6,0.12,3.022594639141004,2.2533639161178556,10.166666666666666,183,0.6756148172814841
gb,0.5,0.6,0.14,3.022594639141004,2.2533639161178556,10.166666666666666,183,0.6756148172814841
gb,0.5,0.6,0.16,3.022594639141004,2.2533639161178556,10.166666666666666,183,0.6756148172814841
gb,0.5,0.6,0.18,3.022594639141004,2.2533639161178556,10.166666666666666,183,0.6756148172814841
gb,0.5,0.6,0.2,3.022594639141004,2.2533639161178556,10.166666666666666,183,0.6756148172814841
gb,0.5,0.65,0.0,2.9936428244335636,2.266964572548529,10.058823529411764,171,0.6514212911271735
gb,0.5,0.65,0.02,2.9936428244335636,2.266964572548529,10.058823529411764,171,0.6514212911271735
gb,0.5,0.65,0.04,2.9936428244335636,2.266964572548529,10.058823529411764,171,0.6514212911271735
gb,0.5,0.65,0.06,2.9936428244335636,2.266964572548529,10.058823529411764,171,0.6514212911271735
gb,0.5,0.65,0.08,2.9936428244335636,2.266964572548529,10.058823529411764,171,0.6514212911271735
gb,0.5,0.65,0.1,2.9936428244335636,2.266964572548529,10.058823529411764,171,0.6514212911271735
gb,0.5,0.65,0.12,2.9936428244335636,2.266964572548529,10.058823529411764,171,0.6514212911271735
gb,0.5,0.65,0.14,2.9936428244335636,2.266964572548529,10.058823529411764,171,0.6514212911271735
gb,0.5,0.65,0.16,2.9936428244335636,2.266964572548529,10.058823529411764,171,0.6514212911271735
gb,0.5,0.65,0.18,2.9936428244335636,2.266964572548529,10.058823529411764,171,0.6514212911271735
gb,0.5,0.65,0.2,2.9936428244335636,2.266964572548529,10.058823529411764,171,0.6514212911271735
gb,0.5,0.7,0.0,2.9936428244335636,2.1959617838137553,10.466666666666667,157,0.6368488918488918
gb,0.5,0.7,0.02,2.9936428244335636,2.1959617838137553,10.466666666666667,157,0.6368488918488918
gb,0.5,0.7,0.04,2.9936428244335636,2.1959617838137553,10.466666666666667,157,0.6368488918488918
gb,0.5,0.7,0.06,2.9936428244335636,2.1959617838137553,10.466666666666667,157,0.6368488918488918
gb,0.5,0.7,0.08,2.9936428244335636,2.1959617838137553,10.466666666666667,157,0.6368488918488918
gb,0.5,0.7,0.1,2.9936428244335636,2.1959617838137553,10.466666666666667,157,0.6368488918488918
gb,0.5,0.7,0.12,2.9936428244335636,2.1959617838137553,10.466666666666667,157,0.6368488918488918
gb,0.5,0.7,0.14,2.9936428244335636,2.1959617838137553,10.466666666666667,157,0.6368488918488918
gb,0.5,0.7,0.16,2.9936428244335636,2.1959617838137553,10.466666666666667,157,0.6368488918488918
gb,0.5,0.7,0.18,2.9936428244335636,2.1959617838137553,10.466666666666667,157,0.6368488918488918
gb,0.5,0.7,0.2,2.9936428244335636,2.1959617838137553,10.466666666666667,157,0.6368488918488918
gb,0.5,0.75,0.0,2.9860582011799166,2.169444093847108,10.4,156,0.6344679394679394
gb,0.5,0.75,0.02,2.9860582011799166,2.169444093847108,10.4,156,0.6344679394679394
gb,0.5,0.75,0.04,2.9860582011799166,2.169444093847108,10.4,156,0.6344679394679394
gb,0.5,0.75,0.06,2.9860582011799166,2.169444093847108,10.4,156,0.6344679394679394
gb,0.5,0.75,0.08,2.9860582011799166,2.169444093847108,10.4,156,0.6344679394679394
gb,0.5,0.75,0.1,2.9860582011799166,2.169444093847108,10.4,156,0.6344679394679394
gb,0.5,0.75,0.12,2.9860582011799166,2.169444093847108,10.4,156,0.6344679394679394
gb,0.5,0.75,0.14,2.9860582011799166,2.169444093847108,10.4,156,0.6344679394679394
gb,0.5,0.75,0.16,2.9860582011799166,2.169444093847108,10.4,156,0.6344679394679394
gb,0.5,0.75,0.18,2.9860582011799166,2.169444093847108,10.4,156,0.6344679394679394
gb,0.5,0.75,0.2,2.9860582011799166,2.169444093847108,10.4,156,0.6344679394679394
gb,0.55,0.35,0.0,1.3645378207904635,,10.942857142857143,383,0.5943476364904937
gb,0.55,0.35,0.02,1.3645378207904635,,10.942857142857143,383,0.5943476364904937
gb,0.55,0.35,0.04,1.3645378207904635,,10.942857142857143,383,0.5943476364904937
gb,0.55,0.35,0.06,1.3645378207904635,,10.942857142857143,383,0.5943476364904937
gb,0.55,0.35,0.08,1.3645378207904635,,10.942857142857143,383,0.5943476364904937
gb,0.55,0.35,0.1,1.3645378207904635,,10.942857142857143,383,0.5943476364904937
gb,0.55,0.35,0.12,1.3645378207904635,,10.942857142857143,383,0.5943476364904937
gb,0.55,0.35,0.14,1.3645378207904635,,10.942857142857143,383,0.5943476364904937
gb,0.55,0.35,0.16,1.3645378207904635,,10.942857142857143,383,0.5943476364904937
gb,0.55,0.35,0.18,1.3645378207904635,,10.942857142857143,383,0.5943476364904937
gb,0.55,0.35,0.2,1.4869574633997267,1.3764220708884598,10.942857142857143,383,0.6009410430839003
gb,0.55,0.4,0.0,2.0548013104558978,1.6927549716949346,10.862068965517242,315,0.6216410983652364
gb,0.55,0.4,0.02,2.0548013104558978,1.6927549716949346,10.862068965517242,315,0.6216410983652364
gb,0.55,0.4,0.04,2.0548013104558978,1.6927549716949346,10.862068965517242,315,0.6216410983652364
gb,0.55,0.4,0.06,2.0548013104558978,1.6927549716949346,10.862068965517242,315,0.6216410983652364
gb,0.55,0.4,0.08,2.0548013104558978,1.6927549716949346,10.862068965517242,315,0.6216410983652364
gb,0.55,0.4,0.1,2.0548013104558978,1.6927549716949346,10.862068965517242,315,0.6216410983652364
gb,0.55,0.4,0.12,2.0548013104558978,1.6927549716949346,10.862068965517242,315,0.6216410983652364
gb,0.55,0.4,0.14,2.0548013104558978,1.6612174996747342,10.862068965517242,315,0.6216410983652364
gb,0.55,0.4,0.16,2.0548013104558978,1.6612174996747342,10.862068965517242,315,0.6216410983652364
gb,0.55,0.4,0.18,2.0548013104558978,1.6612174996747342,10.862068965517242,315,0.6216410983652364
gb,0.55,0.4,0.2,2.0548013104558978,1.6612174996747342,10.862068965517242,315,0.6216410983652364
gb,0.55,0.45,0.0,2.6902427719015387,1.7826751452040637,9.88,247,0.6479816849816851
gb,0.55,0.45,0.02,2.6902427719015387,1.7826751452040637,9.88,247,0.6479816849816851
gb,0.55,0.45,0.04,2.6902427719015387,1.7826751452040637,9.88,247,0.6479816849816851
gb,0.55,0.45,0.06,2.6902427719015387,1.7826751452040637,9.88,247,0.6479816849816851
gb,0.55,0.45,0.08,2.6902427719015387,1.7826751452040637,9.88,247,0.6479816849816851
gb,0.55,0.45,0.1,2.6902427719015387,1.7826751452040637,9.88,247,0.6479816849816851
gb,0.55,0.45,0.12,2.6902427719015387,1.7826751452040637,9.88,247,0.6479816849816851
gb,0.55,0.45,0.14,2.6902427719015387,1.7826751452040637,9.88,247,0.6479816849816851
gb,0.55,0.45,0.16,2.6902427719015387,1.7826751452040637,9.88,247,0.6479816849816851
gb,0.55,0.45,0.18,2.6902427719015387,1.7826751452040637,9.88,247,0.6479816849816851
gb,0.55,0.45,0.2,2.6902427719015387,1.7826751452040637,9.88,247,0.6479816849816851
gb,0.55,0.5,0.0,2.9701197204219203,2.0129431064508627,9.619047619047619,202,0.6547371940229082
gb,0.55,0.5,0.02,2.9701197204219203,2.0129431064508627,9.619047619047619,202,0.6547371940229082
gb,0.55,0.5,0.04,2.9701197204219203,2.0129431064508627,9.619047619047619,202,0.6547371940229082
gb,0.55,0.5,0.06,2.9701197204219203,2.0129431064508627,9.619047619047619,202,0.6547371940229082
gb,0.55,0.5,0.08,2.9701197204219203,2.0129431064508627,9.619047619047619,202,0.6547371940229082
gb,0.55,0.5,0.1,2.9701197204219203,2.0129431064508627,9.619047619047619,202,0.6547371940229082
gb,0.55,0.5,0.12,2.9701197204219203,2.0129431064508627,9.619047619047619,202,0.6547371940229082
gb,0.55,0.5,0.14,2.9701197204219203,2.0129431064508627,9.619047619047619,202,0.6547371940229082
gb,0.55,0.5,0.16,2.9701197204219203,2.0129431064508627,9.619047619047619,202,0.6547371940229082
gb,0.55,0.5,0.18,2.9701197204219203,2.0129431064508627,9.619047619047619,202,0.6547371940229082
gb,0.55,0.5,0.2,2.9701197204219203,2.0129431064508627,9.619047619047619,202,0.6547371940229082
gb,0.55,0.55,0.0,3.0271509725684886,2.301053613607096,9.055555555555555,163,0.6840879799213133
gb,0.55,0.55,0.02,3.0271509725684886,2.301053613607096,9.055555555555555,163,0.6840879799213133
gb,0.55,0.55,0.04,3.0271509725684886,2.301053613607096,9.055555555555555,163,0.6840879799213133
gb,0.55,0.55,0.06,3.0271509725684886,2.301053613607096,9.055555555555555,163,0.6840879799213133
gb,0.55,0.55,0.08,3.0271509725684886,2.301053613607096,9.055555555555555,163,0.6840879799213133
gb,0.55,0.55,0.1,3.0271509725684886,2.301053613607096,9.055555555555555,163,0.6840879799213133
gb,0.55,0.55,0.12,3.0271509725684886,2.301053613607096,9.055555555555555,163,0.6840879799213133
gb,0.55,0.55,0.14,3.0271509725684886,2.301053613607096,9.055555555555555,163,0.6840879799213133
gb,0.55,0.55,0.16,3.0271509725684886,2.301053613607096,9.055555555555555,163,0.6840879799213133
gb,0.55,0.55,0.18,3.0271509725684886,2.301053613607096,9.055555555555555,163,0.6840879799213133
gb,0.55,0.55,0.2,3.0271509725684886,2.301053613607096,9.055555555555555,163,0.6840879799213133
gb,0.55,0.6,0.0,3.158047042826472,2.5617241274063267,9.5,133,0.7380450898308043
gb,0.55,0.6,0.02,3.158047042826472,2.5617241274063267,9.5,133,0.7380450898308043
gb,0.55,0.6,0.04,3.158047042826472,2.5617241274063267,9.5,133,0.7380450898308043
gb,0.55,0.6,0.06,3.158047042826472,2.5617241274063267,9.5,133,0.7380450898308043
gb,0.55,0.6,0.08,3.158047042826472,2.5617241274063267,9.5,133,0.7380450898308043
gb,0.55,0.6,0.1,3.158047042826472,2.5617241274063267,9.5,133,0.7380450898308043
gb,0.55,0.6,0.12,3.158047042826472,2.5617241274063267,9.5,133,0.7380450898308043
gb,0.55,0.6,0.14,3.158047042826472,2.5617241274063267,9.5,133,0.7380450898308043
gb,0.55,0.6,0.16,3.158047042826472,2.5617241274063267,9.5,133,0.7380450898308043
gb,0.55,0.6,0.18,3.158047042826472,2.5617241274063267,9.5,133,0.7380450898308043
gb,0.55,0.6,0.2,3.158047042826472,2.5617241274063267,9.5,133,0.7380450898308043
gb,0.55,0.65,0.0,3.194249450592575,2.6843346456271986,9.461538461538462,123,0.7208251150558843
gb,0.55,0.65,0.02,3.194249450592575,2.6843346456271986,9.461538461538462,123,0.7208251150558843
gb,0.55,0.65,0.04,3.194249450592575,2.6843346456271986,9.461538461538462,123,0.7208251150558843
gb,0.55,0.65,0.06,3.194249450592575,2.6843346456271986,9.461538461538462,123,0.7208251150558843
gb,0.55,0.65,0.08,3.194249450592575,2.6843346456271986,9.461538461538462,123,0.7208251150558843
gb,0.55,0.65,0.1,3.194249450592575,2.6843346456271986,9.461538461538462,123,0.7208251150558843
gb,0.55,0.65,0.12,3.194249450592575,2.6843346456271986,9.461538461538462,123,0.7208251150558843
gb,0.55,0.65,0.14,3.194249450592575,2.6843346456271986,9.461538461538462,123,0.7208251150558843
gb,0.55,0.65,0.16,3.194249450592575,2.6843346456271986,9.461538461538462,123,0.7208251150558843
gb,0.55,0.65,0.18,3.194249450592575,2.6843346456271986,9.461538461538462,123,0.7208251150558843
gb,0.55,0.65,0.2,3.194249450592575,2.6843346456271986,9.461538461538462,123,0.7208251150558843
gb,0.55,0.7,0.0,3.194249450592575,2.723507450695942,9.909090909090908,109,0.7317543567543567
gb,0.55,0.7,0.02,3.194249450592575,2.723507450695942,9.909090909090908,109,0.7317543567543567
gb,0.55,0.7,0.04,3.194249450592575,2.723507450695942,9.909090909090908,109,0.7317543567543567
gb,0.55,0.7,0.06,3.194249450592575,2.723507450695942,9.909090909090908,109,0.7317543567543567
gb,0.55,0.7,0.08,3.194249450592575,2.723507450695942,9.909090909090908,109,0.7317543567543567
gb,0.55,0.7,0.1,3.194249450592575,2.723507450695942,9.909090909090908,109,0.7317543567543567
gb,0.55,0.7,0.12,3.194249450592575,2.723507450695942,9.909090909090908,109,0.7317543567543567
gb,0.55,0.7,0.14,3.194249450592575,2.723507450695942,9.909090909090908,109,0.7317543567543567
gb,0.55,0.7,0.16,3.194249450592575,2.723507450695942,9.909090909090908,109,0.7317543567543567
gb,0.55,0.7,0.18,3.194249450592575,2.723507450695942,9.909090909090908,109,0.7317543567543567
gb,0.55,0.7,0.2,3.194249450592575,2.723507450695942,9.909090909090908,109,0.7317543567543567
gb,0.55,0.75,0.0,3.1065048314868804,2.678758689379085,9.818181818181818,108,0.7285076035076036
gb,0.55,0.75,0.02,3.1065048314868804,2.678758689379085,9.818181818181818,108,0.7285076035076036
gb,0.55,0.75,0.04,3.1065048314868804,2.678758689379085,9.818181818181818,108,0.7285076035076036
gb,0.55,0.75,0.06,3.1065048314868804,2.678758689379085,9.818181818181818,108,0.7285076035076036
gb,0.55,0.75,0.08,3.1065048314868804,2.678758689379085,9.818181818181818,108,0.7285076035076036
gb,0.55,0.75,0.1,3.1065048314868804,2.678758689379085,9.818181818181818,108,0.7285076035076036
gb,0.55,0.75,0.12,3.1065048314868804,2.678758689379085,9.818181818181818,108,0.7285076035076036
gb,0.55,0.75,0.14,3.1065048314868804,2.678758689379085,9.818181818181818,108,0.7285076035076036
gb,0.55,0.75,0.16,3.1065048314868804,2.678758689379085,9.818181818181818,108,0.7285076035076036
gb,0.55,0.75,0.18,3.1065048314868804,2.678758689379085,9.818181818181818,108,0.7285076035076036
gb,0.55,0.75,0.2,3.1065048314868804,2.678758689379085,9.818181818181818,108,0.7285076035076036
gb,0.6,0.35,0.0,1.3308197147158172,1.2553670809213242,10.352941176470589,352,0.6000368912133618
gb,0.6,0.35,0.02,1.3308197147158172,1.2553670809213242,10.352941176470589,352,0.6000368912133618
gb,0.6,0.35,0.04,1.3308197147158172,1.2553670809213242,10.352941176470589,352,0.6000368912133618
gb,0.6,0.35,0.06,1.3308197147158172,1.2553670809213242,10.352941176470589,352,0.6000368912133618
gb,0.6,0.35,0.08,1.3308197147158172,1.2553670809213242,10.352941176470589,352,0.6000368912133618
gb,0.6,0.35,0.1,1.3308197147158172,1.2553670809213242,10.352941176470589,352,0.6000368912133618
gb,0.6,0.35,0.12,1.3308197147158172,1.2553670809213242,10.352941176470589,352,0.6000368912133618
gb,0.6,0.35,0.14,1.3308197147158172,1.2553670809213242,10.352941176470589,352,0.6000368912133618
gb,0.6,0.35,0.16,1.3308197147158172,1.2553670809213242,10.352941176470589,352,0.6000368912133618
gb,0.6,0.35,0.18,1.3308197147158172,1.2553670809213242,10.352941176470589,352,0.6000368912133618
gb,0.6,0.35,0.2,1.3308197147158172,1.2553670809213242,10.352941176470589,352,0.6000368912133618
gb,0.6,0.4,0.0,2.0177734256303195,1.5349218757868561,10.11111111111111,273,0.6198811476589253
gb,0.6,0.4,0.02,2.0177734256303195,1.5349218757868561,10.11111111111111,273,0.6198811476589253
gb,0.6,0.4,0.04,2.0177734256303195,1.5349218757868561,10.11111111111111,273,0.6198811476589253
gb,0.6,0.4,0.06,2.0177734256303195,1.5349218757868561,10.11111111111111,273,0.6198811476589253
gb,0.6,0.4,0.08,2.0177734256303195,1.5349218757868561,10.11111111111111,273,0.6198811476589253
gb,0.6,0.4,0.1,2.0177734256303195,1.5349218757868561,10.11111111111111,273,0.6198811476589253
gb,0.6,0.4,0.12,2.0177734256303195,1.5349218757868561,10.11111111111111,273,0.6198811476589253
gb,0.6,0.4,0.14,2.0177734256303195,1.5349218757868561,10.11111111111111,273,0.6198811476589253
gb,0.6,0.4,0.16,2.0177734256303195,1.5349218757868561,10.11111111111111,273,0.6198811476589253
gb,0.6,0.4,0.18,2.0177734256303195,1.5349218757868561,10.11111111111111,273,0.6198811476589253
gb,0.6,0.4,0.2,2.0177734256303195,1.5349218757868561,10.11111111111111,273,0.6198811476589253
gb,0.6,0.45,0.0,2.701002633346521,1.7336175097099666,9.0,198,0.6553100939464577
gb,0.6,0.45,0.02,2.701002633346521,1.7336175097099666,9.0,198,0.6553100939464577
gb,0.6,0.45,0.04,2.701002633346521,1.7336175097099666,9.0,198,0.6553100939464577
gb,0.6,0.45,0.06,2.701002633346521,1.7336175097099666,9.0,198,0.6553100939464577
gb,0.6,0.45,0.08,2.701002633346521,1.7336175097099666,9.0,198,0.6553100939464577
gb,0.6,0.45,0.1,2.701002633346521,1.7336175097099666,9.0,198,0.6553100939464577
gb,0.6,0.45,0.12,2.701002633346521,1.7336175097099666,9.0,198,0.6553100939464577
gb,0.6,0.45,0.14,2.701002633346521,1.7336175097099666,9.0,198,0.6553100939464577
gb,0.6,0.45,0.16,2.701002633346521,1.7336175097099666,9.0,198,0.6553100939464577
gb,0.6,0.45,0.18,2.701002633346521,1.7336175097099666,9.0,198,0.6553100939464577
gb,0.6,0.45,0.2,2.701002633346521,1.7336175097099666,9.0,198,0.6553100939464577
gb,0.6,0.5,0.0,3.1606595516320652,1.9756875673070804,8.38888888888889,151,0.6502526794193461
gb,0.6,0.5,0.02,3.1606595516320652,1.9756875673070804,8.38888888888889,151,0.6502526794193461
gb,0.6,0.5,0.04,3.1606595516320652,1.9756875673070804,8.38888888888889,151,0.6502526794193461
gb,0.6,0.5,0.06,3.1606595516320652,1.9756875673070804,8.38888888888889,151,0.6502526794193461
gb,0.6,0.5,0.08,3.1606595516320652,1.9756875673070804,8.38888888888889,151,0.6502526794193461
gb,0.6,0.5,0.1,3.1606595516320652,1.9756875673070804,8.38888888888889,151,0.6502526794193461
gb,0.6,0.5,0.12,3.1606595516320652,1.9756875673070804,8.38888888888889,151,0.6502526794193461
gb,0.6,0.5,0.14,3.1606595516320652,1.9756875673070804,8.38888888888889,151,0.6502526794193461
gb,0.6,0.5,0.16,3.1606595516320652,1.9756875673070804,8.38888888888889,151,0.6502526794193461
gb,0.6,0.5,0.18,3.1606595516320652,1.9756875673070804,8.38888888888889,151,0.6502526794193461
gb,0.6,0.5,0.2,3.1606595516320652,1.9756875673070804,8.38888888888889,151,0.6502526794193461
gb,0.6,0.55,0.0,3.2520243579790247,2.5709234849141445,7.928571428571429,111,0.7554988662131519
gb,0.6,0.55,0.02,3.2520243579790247,2.5709234849141445,7.928571428571429,111,0.7554988662131519
gb,0.6,0.55,0.04,3.2520243579790247,2.5709234849141445,7.928571428571429,111,0.7554988662131519
gb,0.6,0.55,0.06,3.2520243579790247,2.5709234849141445,7.928571428571429,111,0.7554988662131519
gb,0.6,0.55,0.08,3.2520243579790247,2.5709234849141445,7.928571428571429,111,0.7554988662131519
gb,0.6,0.55,0.1,3.2520243579790247,2.5709234849141445,7.928571428571429,111,0.7554988662131519
gb,0.6,0.55,0.12,3.2520243579790247,2.5709234849141445,7.928571428571429,111,0.7554988662131519
gb,0.6,0.55,0.14,3.2520243579790247,2.5709234849141445,7.928571428571429,111,0.7554988662131519
gb,0.6,0.55,0.16,3.2520243579790247,2.5709234849141445,7.928571428571429,111,0.7554988662131519
gb,0.6,0.55,0.18,3.2520243579790247,2.5709234849141445,7.928571428571429,111,0.7554988662131519
gb,0.6,0.55,0.2,3.2520243579790247,2.5709234849141445,7.928571428571429,111,0.7554988662131519
gb,0.6,0.6,0.0,3.3894604766962035,2.71389058298838,7.818181818181818,86,0.7814574314574315
gb,0.6,0.6,0.02,3.3894604766962035,2.71389058298838,7.818181818181818,86,0.7814574314574315
gb,0.6,0.6,0.04,3.3894604766962035,2.71389058298838,7.818181818181818,86,0.7814574314574315
gb,0.6,0.6,0.06,3.3894604766962035,2.71389058298838,7.818181818181818,86,0.7814574314574315
gb,0.6,0.6,0.08,3.3894604766962035,2.71389058298838,7.818181818181818,86,0.7814574314574315
gb,0.6,0.6,0.1,3.3894604766962035,2.71389058298838,7.818181818181818,86,0.7814574314574315
gb,0.6,0.6,0.12,3.3894604766962035,2.71389058298838,7.818181818181818,86,0.7814574314574315
gb,0.6,0.6,0.14,3.3894604766962035,2.71389058298838,7.818181818181818,86,0.7814574314574315
gb,0.6,0.6,0.16,3.3894604766962035,2.71389058298838,7.818181818181818,86,0.7814574314574315
gb,0.6,0.6,0.18,3.3894604766962035,2.71389058298838,7.818181818181818,86,0.7814574314574315
gb,0.6,0.6,0.2,3.3894604766962035,2.71389058298838,7.818181818181818,86,0.7814574314574315
gb,0.6,0.65,0.0,3.5523983031104485,2.9006405837081073,7.6,76,0.7634126984126983
gb,0.6,0.65,0.02,3.5523983031104485,2.9006405837081073,7.6,76,0.7634126984126983
gb,0.6,0.65,0.04,3.5523983031104485,2.9006405837081073,7.6,76,0.7634126984126983
gb,0.6,0.65,0.06,3.5523983031104485,2.9006405837081073,7.6,76,0.7634126984126983
gb,0.6,0.65,0.08,3.5523983031104485,2.9006405837081073,7.6,76,0.7634126984126983
gb,0.6,0.65,0.1,3.5523983031104485,2.9006405837081073,7.6,76,0.7634126984126983
gb,0.6,0.65,0.12,3.5523983031104485,2.9006405837081073,7.6,76,0.7634126984126983
gb,0.6,0.65,0.14,3.5523983031104485,2.9006405837081073,7.6,76,0.7634126984126983
gb,0.6,0.65,0.16,3.5523983031104485,2.9006405837081073,7.6,76,0.7634126984126983
gb,0.6,0.65,0.18,3.5523983031104485,2.9006405837081073,7.6,76,0.7634126984126983
gb,0.6,0.65,0.2,3.5523983031104485,2.9006405837081073,7.6,76,0.7634126984126983
gb,0.6,0.7,0.0,3.4559379550486833,3.0168909501255228,7.75,62,0.7890873015873017
gb,0.6,0.7,0.02,3.4559379550486833,3.0168909501255228,7.75,62,0.7890873015873017
gb,0.6,0.7,0.04,3.4559379550486833,3.0168909501255228,7.75,62,0.7890873015873017
gb,0.6,0.7,0.06,3.4559379550486833,3.0168909501255228,7.75,62,0.7890873015873017
gb,0.6,0.7,0.08,3.4559379550486833,3.0168909501255228,7.75,62,0.7890873015873017
gb,0.6,0.7,0.1,3.4559379550486833,3.0168909501255228,7.75,62,0.7890873015873017
gb,0.6,0.7,0.12,3.4559379550486833,3.0168909501255228,7.75,62,0.7890873015873017
gb,0.6,0.7,0.14,3.4559379550486833,3.0168909501255228,7.75,62,0.7890873015873017
gb,0.6,0.7,0.16,3.4559379550486833,3.0168909501255228,7.75,62,0.7890873015873017
gb,0.6,0.7,0.18,3.4559379550486833,3.0168909501255228,7.75,62,0.7890873015873017
gb,0.6,0.7,0.2,3.4559379550486833,3.0168909501255228,7.75,62,0.7890873015873017
gb,0.6,0.75,0.0,3.4559379550486833,2.948943975158294,7.625,61,0.7846230158730159
gb,0.6,0.75,0.02,3.4559379550486833,2.948943975158294,7.625,61,0.7846230158730159
gb,0.6,0.75,0.04,3.4559379550486833,2.948943975158294,7.625,61,0.7846230158730159
gb,0.6,0.75,0.06,3.4559379550486833,2.948943975158294,7.625,61,0.7846230158730159
gb,0.6,0.75,0.08,3.4559379550486833,2.948943975158294,7.625,61,0.7846230158730159
gb,0.6,0.75,0.1,3.4559379550486833,2.948943975158294,7.625,61,0.7846230158730159
gb,0.6,0.75,0.12,3.4559379550486833,2.948943975158294,7.625,61,0.7846230158730159
gb,0.6,0.75,0.14,3.4559379550486833,2.948943975158294,7.625,61,0.7846230158730159
gb,0.6,0.75,0.16,3.4559379550486833,2.948943975158294,7.625,61,0.7846230158730159
gb,0.6,0.75,0.18,3.4559379550486833,2.948943975158294,7.625,61,0.7846230158730159
gb,0.6,0.75,0.2,3.4559379550486833,2.948943975158294,7.625,61,0.7846230158730159
gb,0.65,0.35,0.0,0.8402650257328257,1.0294297291351797,10.785714285714286,302,0.5548830138115852
gb,0.65,0.35,0.02,0.8402650257328257,1.0294297291351797,10.785714285714286,302,0.5548830138115852
gb,0.65,0.35,0.04,0.8402650257328257,1.0294297291351797,10.785714285714286,302,0.5548830138115852
gb,0.65,0.35,0.06,0.8402650257328257,1.0294297291351797,10.785714285714286,302,0.5548830138115852
gb,0.65,0.35,0.08,0.8402650257328257,1.0294297291351797,10.785714285714286,302,0.5548830138115852
gb,0.65,0.35,0.1,0.8402650257328257,1.0294297291351797,10.785714285714286,302,0.5548830138115852
gb,0.65,0.35,0.12,0.8402650257328257,1.0294297291351797,10.785714285714286,302,0.5548830138115852
gb,0.65,0.35,0.14,0.8402650257328257,1.0294297291351797,10.785714285714286,302,0.5548830138115852
gb,0.65,0.35,0.16,0.8402650257328257,1.0294297291351797,10.785714285714286,302,0.5548830138115852
gb,0.65,0.35,0.18,0.8402650257328257,1.0294297291351797,10.785714285714286,302,0.5548830138115852
gb,0.65,0.35,0.2,0.8402650257328257,1.0294297291351797,10.785714285714286,302,0.5548830138115852
gb,0.65,0.4,0.0,1.5265106068836076,1.2361252212883205,10.666666666666666,224,0.5573075073075072
gb,0.65,0.4,0.02,1.5265106068836076,1.2361252212883205,10.666666666666666,224,0.5573075073075072
gb,0.65,0.4,0.04,1.5265106068836076,1.2361252212883205,10.666666666666666,224,0.5573075073075072
gb,0.65,0.4,0.06,1.5265106068836076,1.2361252212883205,10.666666666666666,224,0.5573075073075072
gb,0.65,0.4,0.08,1.5265106068836076,1.2361252212883205,10.666666666666666,224,0.5573075073075072
gb,0.65,0.4,0.1,1.5265106068836076,1.2361252212883205,10.666666666666666,224,0.5573075073075072
gb,0.65,0.4,0.12,1.5265106068836076,1.2361252212883205,10.666666666666666,224,0.5573075073075072
gb,0.65,0.4,0.14,1.5265106068836076,1.2361252212883205,10.666666666666666,224,0.5573075073075072
gb,0.65,0.4,0.16,1.5265106068836076,1.2361252212883205,10.666666666666666,224,0.5573075073075072
gb,0.65,0.4,0.18,1.5265106068836076,1.2361252212883205,10.666666666666666,224,0.5573075073075072
gb,0.65,0.4,0.2,1.5265106068836076,1.2361252212883205,10.666666666666666,224,0.5573075073075072
gb,0.65,0.45,0.0,1.6904519035878303,1.4061420198414654,9.3125,149,0.6121624902874904
gb,0.65,0.45,0.02,1.6904519035878303,1.4061420198414654,9.3125,149,0.6121624902874904
gb,0.65,0.45,0.04,1.6904519035878303,1.4061420198414654,9.3125,149,0.6121624902874904
gb,0.65,0.45,0.06,1.6904519035878303,1.4061420198414654,9.3125,149,0.6121624902874904
gb,0.65,0.45,0.08,1.6904519035878303,1.4061420198414654,9.3125,149,0.6121624902874904
gb,0.65,0.45,0.1,1.6904519035878303,1.4061420198414654,9.3125,149,0.6121624902874904
gb,0.65,0.45,0.12,1.6904519035878303,1.4061420198414654,9.3125,149,0.6121624902874904
gb,0.65,0.45,0.14,1.6904519035878303,1.4061420198414654,9.3125,149,0.6121624902874904
gb,0.65,0.45,0.16,1.6904519035878303,1.4061420198414654,9.3125,149,0.6121624902874904
gb,0.65,0.45,0.18,1.6904519035878303,1.4061420198414654,9.3125,149,0.6121624902874904
gb,0.65,0.45,0.2,1.6904519035878303,1.4061420198414654,9.3125,149,0.6121624902874904
gb,0.65,0.5,0.0,2.4139002328674457,1.5871709995278869,8.583333333333334,103,0.5812652625152624
gb,0.65,0.5,0.02,2.4139002328674457,1.5871709995278869,8.583333333333334,103,0.5812652625152624
gb,0.65,0.5,0.04,2.4139002328674457,1.5871709995278869,8.583333333333334,103,0.5812652625152624
gb,0.65,0.5,0.06,2.4139002328674457,1.5871709995278869,8.583333333333334,103,0.5812652625152624
gb,0.65,0.5,0.08,2.4139002328674457,1.5871709995278869,8.583333333333334,103,0.5812652625152624
gb,0.65,0.5,0.1,2.4139002328674457,1.5871709995278869,8.583333333333334,103,0.5812652625152624
gb,0.65,0.5,0.12,2.4139002328674457,1.5871709995278869,8.583333333333334,103,0.5812652625152624
gb,0.65,0.5,0.14,2.4139002328674457,1.5871709995278869,8.583333333333334,103,0.5812652625152624
gb,0.65,0.5,0.16,2.4139002328674457,1.5871709995278869,8.583333333333334,103,0.5812652625152624
gb,0.65,0.5,0.18,2.4139002328674457,1.5871709995278869,8.583333333333334,103,0.5812652625152624
gb,0.65,0.5,0.2,2.4139002328674457,1.5871709995278869,8.583333333333334,103,0.5812652625152624
gb,0.65,0.55,0.0,2.831944431528863,2.2554099594747745,7.875,63,0.730952380952381
gb,0.65,0.55,0.02,2.831944431528863,2.2554099594747745,7.875,63,0.730952380952381
gb,0.65,0.55,0.04,2.831944431528863,2.2554099594747745,7.875,63,0.730952380952381
gb,0.65,0.55,0.06,2.831944431528863,2.2554099594747745,7.875,63,0.730952380952381
gb,0.65,0.55,0.08,2.831944431528863,2.2554099594747745,7.875,63,0.730952380952381
gb,0.65,0.55,0.1,2.831944431528863,2.2554099594747745,7.875,63,0.730952380952381
gb,0.65,0.55,0.12,2.831944431528863,2.2554099594747745,7.875,63,0.730952380952381
gb,0.65,0.55,0.14,2.831944431528863,2.2554099594747745,7.875,63,0.730952380952381
gb,0.65,0.55,0.16,2.831944431528863,2.2554099594747745,7.875,63,0.730952380952381
gb,0.65,0.55,0.18,2.831944431528863,2.2554099594747745,7.875,63,0.730952380952381
gb,0.65,0.55,0.2,2.831944431528863,2.2554099594747745,7.875,63,0.730952380952381
gb,0.65,0.6,0.0,3.2955055338413883,2.348628361053781,7.6,38,0.7733333333333334
gb,0.65,0.6,0.02,3.2955055338413883,2.348628361053781,7.6,38,0.7733333333333334
gb,0.65,0.6,0.04,3.2955055338413883,2.348628361053781,7.6,38,0.7733333333333334
gb,0.65,0.6,0.06,3.2955055338413883,2.348628361053781,7.6,38,0.7733333333333334
gb,0.65,0.6,0.08,3.2955055338413883,2.348628361053781,7.6,38,0.7733333333333334
gb,0.65,0.6,0.1,3.2955055338413883,2.348628361053781,7.6,38,0.7733333333333334
gb,0.65,0.6,0.12,3.2955055338413883,2.348628361053781,7.6,38,0.7733333333333334
gb,0.65,0.6,0.14,3.2955055338413883,2.348628361053781,7.6,38,0.7733333333333334
gb,0.65,0.6,0.16,3.2955055338413883,2.348628361053781,7.6,38,0.7733333333333334
gb,0.65,0.6,0.18,3.2955055338413883,2.348628361053781,7.6,38,0.7733333333333334
gb,0.65,0.6,0.2,3.2955055338413883,2.348628361053781,7.6,38,0.7733333333333334
gb,0.65,0.65,0.0,3.4389433533305613,2.675307795769155,7.0,28,0.7261904761904762
gb,0.65,0.65,0.02,3.4389433533305613,2.675307795769155,7.0,28,0.7261904761904762
gb,0.65,0.65,0.04,3.4389433533305613,2.675307795769155,7.0,28,0.7261904761904762
gb,0.65,0.65,0.06,3.4389433533305613,2.675307795769155,7.0,28,0.7261904761904762
gb,0.65,0.65,0.08,3.4389433533305613,2.675307795769155,7.0,28,0.7261904761904762
gb,0.65,0.65,0.1,3.4389433533305613,2.675307795769155,7.0,28,0.7261904761904762
gb,0.65,0.65,0.12,3.4389433533305613,2.675307795769155,7.0,28,0.7261904761904762
gb,0.65,0.65,0.14,3.4389433533305613,2.675307795769155,7.0,28,0.7261904761904762
gb,0.65,0.65,0.16,3.4389433533305613,2.675307795769155,7.0,28,0.7261904761904762
gb,0.65,0.65,0.18,3.4389433533305613,2.675307795769155,7.0,28,0.7261904761904762
gb,0.65,0.65,0.2,3.4389433533305613,2.675307795769155,7.0,28,0.7261904761904762
gb,0.65,0.7,0.0,3.252906661220644,2.8874625758510604,7.0,14,0.7916666666666667
gb,0.65,0.7,0.02,3.252906661220644,2.8874625758510604,7.0,14,0.7916666666666667
gb,0.65,0.7,0.04,3.252906661220644,2.8874625758510604,7.0,14,0.7916666666666667
gb,0.65,0.7,0.06,3.252906661220644,2.8874625758510604,7.0,14,0.7916666666666667
gb,0.65,0.7,0.08,3.252906661220644,2.8874625758510604,7.0,14,0.7916666666666667
gb,0.65,0.7,0.1,3.252906661220644,2.8874625758510604,7.0,14,0.7916666666666667
gb,0.65,0.7,0.12,3.252906661220644,2.8874625758510604,7.0,14,0.7916666666666667
gb,0.65,0.7,0.14,3.252906661220644,2.8874625758510604,7.0,14,0.7916666666666667
gb,0.65,0.7,0.16,3.252906661220644,2.8874625758510604,7.0,14,0.7916666666666667
gb,0.65,0.7,0.18,3.252906661220644,2.8874625758510604,7.0,14,0.7916666666666667
gb,0.65,0.7,0.2,3.252906661220644,2.8874625758510604,7.0,14,0.7916666666666667
gb,0.65,0.75,0.0,3.0717424825308814,2.6359914799119184,6.5,13,0.7738095238095238
gb,0.65,0.75,0.02,3.0717424825308814,2.6359914799119184,6.5,13,0.7738095238095238
gb,0.65,0.75,0.04,3.0717424825308814,2.6359914799119184,6.5,13,0.7738095238095238
gb,0.65,0.75,0.06,3.0717424825308814,2.6359914799119184,6.5,13,0.7738095238095238
gb,0.65,0.75,0.08,3.0717424825308814,2.6359914799119184,6.5,13,0.7738095238095238
gb,0.65,0.75,0.1,3.0717424825308814,2.6359914799119184,6.5,13,0.7738095238095238
gb,0.65,0.75,0.12,3.0717424825308814,2.6359914799119184,6.5,13,0.7738095238095238
gb,0.65,0.75,0.14,3.0717424825308814,2.6359914799119184,6.5,13,0.7738095238095238
gb,0.65,0.75,0.16,3.0717424825308814,2.6359914799119184,6.5,13,0.7738095238095238
gb,0.65,0.75,0.18,3.0717424825308814,2.6359914799119184,6.5,13,0.7738095238095238
gb,0.65,0.75,0.2,3.0717424825308814,2.6359914799119184,6.5,13,0.7738095238095238
gb,0.7,0.35,0.0,0.7389450917329308,0.9877423374977673,10.678571428571429,299,0.5538909503195218
gb,0.7,0.35,0.02,0.7389450917329308,0.9877423374977673,10.678571428571429,299,0.5538909503195218
gb,0.7,0.35,0.04,0.7389450917329308,0.9877423374977673,10.678571428571429,299,0.5538909503195218
gb,0.7,0.35,0.06,0.7389450917329308,0.9877423374977673,10.678571428571429,299,0.5538909503195218
gb,0.7,0.35,0.08,0.7389450917329308,0.9877423374977673,10.678571428571429,299,0.5538909503195218
gb,0.7,0.35,0.1,0.7389450917329308,0.9877423374977673,10.678571428571429,299,0.5538909503195218
gb,0.7,0.35,0.12,0.7389450917329308,0.9877423374977673,10.678571428571429,299,0.5538909503195218
gb,0.7,0.35,0.14,0.7389450917329308,0.9877423374977673,10.678571428571429,299,0.5538909503195218
gb,0.7,0.35,0.16,0.7389450917329308,0.9877423374977673,10.678571428571429,299,0.5538909503195218
gb,0.7,0.35,0.18,0.7389450917329308,0.9877423374977673,10.678571428571429,299,0.5538909503195218
gb,0.7,0.35,0.2,0.7389450917329308,0.9877423374977673,10.678571428571429,299,0.5538909503195218
gb,0.7,0.4,0.0,1.523497539951435,1.187038056275967,10.428571428571429,219,0.5477836977836977
gb,0.7,0.4,0.02,1.523497539951435,1.187038056275967,10.428571428571429,219,0.5477836977836977
gb,0.7,0.4,0.04,1.523497539951435,1.187038056275967,10.428571428571429,219,0.5477836977836977
gb,0.7,0.4,0.06,1.523497539951435,1.187038056275967,10.428571428571429,219,0.5477836977836977
gb,0.7,0.4,0.08,1.523497539951435,1.187038056275967,10.428571428571429,219,0.5477836977836977
gb,0.7,0.4,0.1,1.523497539951435,1.187038056275967,10.428571428571429,219,0.5477836977836977
gb,0.7,0.4,0.12,1.523497539951435,1.187038056275967,10.428571428571429,219,0.5477836977836977
gb,0.7,0.4,0.14,1.523497539951435,1.187038056275967,10.428571428571429,219,0.5477836977836977
gb,0.7,0.4,0.16,1.523497539951435,1.187038056275967,10.428571428571429,219,0.5477836977836977
gb,0.7,0.4,0.18,1.523497539951435,1.187038056275967,10.428571428571429,219,0.5477836977836977
gb,0.7,0.4,0.2,1.523497539951435,1.187038056275967,10.428571428571429,219,0.5477836977836977
gb,0.7,0.45,0.0,1.4869574633997267,1.3362592482966873,9.533333333333333,143,0.5974177674177674
gb,0.7,0.45,0.02,1.4869574633997267,1.3362592482966873,9.533333333333333,143,0.5974177674177674
gb,0.7,0.45,0.04,1.4869574633997267,1.3362592482966873,9.533333333333333,143,0.5974177674177674
gb,0.7,0.45,0.06,1.4869574633997267,1.3362592482966873,9.533333333333333,143,0.5974177674177674
gb,0.7,0.45,0.08,1.4869574633997267,1.3362592482966873,9.533333333333333,143,0.5974177674177674
gb,0.7,0.45,0.1,1.4869574633997267,1.3362592482966873,9.533333333333333,143,0.5974177674177674
gb,0.7,0.45,0.12,1.4869574633997267,1.3362592482966873,9.533333333333333,143,0.5974177674177674
gb,0.7,0.45,0.14,1.4869574633997267,1.3362592482966873,9.533333333333333,143,0.5974177674177674
gb,0.7,0.45,0.16,1.4869574633997267,1.3362592482966873,9.533333333333333,143,0.5974177674177674
gb,0.7,0.45,0.18,1.4869574633997267,1.3362592482966873,9.533333333333333,143,0.5974177674177674
gb,0.7,0.45,0.2,1.4869574633997267,1.3362592482966873,9.533333333333333,143,0.5974177674177674
gb,0.7,0.5,0.0,1.8138860982458056,1.4969807932446018,8.818181818181818,97,0.5583499833499833
gb,0.7,0.5,0.02,1.8138860982458056,1.4969807932446018,8.818181818181818,97,0.5583499833499833
gb,0.7,0.5,0.04,1.8138860982458056,1.4969807932446018,8.818181818181818,97,0.5583499833499833
gb,0.7,0.5,0.06,1.8138860982458056,1.4969807932446018,8.818181818181818,97,0.5583499833499833
gb,0.7,0.5,0.08,1.8138860982458056,1.4969807932446018,8.818181818181818,97,0.5583499833499833
gb,0.7,0.5,0.1,1.8138860982458056,1.4969807932446018,8.818181818181818,97,0.5583499833499833
gb,0.7,0.5,0.12,1.8138860982458056,1.4969807932446018,8.818181818181818,97,0.5583499833499833
gb,0.7,0.5,0.14,1.8138860982458056,1.4969807932446018,8.818181818181818,97,0.5583499833499833
gb,0.7,0.5,0.16,1.8138860982458056,1.4969807932446018,8.818181818181818,97,0.5583499833499833
gb,0.7,0.5,0.18,1.8138860982458056,1.4969807932446018,8.818181818181818,97,0.5583499833499833
gb,0.7,0.5,0.2,1.8138860982458056,1.4969807932446018,8.818181818181818,97,0.5583499833499833
gb,0.7,0.55,0.0,2.579706638342669,2.1632150192095727,8.142857142857142,57,0.7163265306122449
gb,0.7,0.55,0.02,2.579706638342669,2.1632150192095727,8.142857142857142,57,0.7163265306122449
gb,0.7,0.55,0.04,2.579706638342669,2.1632150192095727,8.142857142857142,57,0.7163265306122449
gb,0.7,0.55,0.06,2.579706638342669,2.1632150192095727,8.142857142857142,57,0.7163265306122449
gb,0.7,0.55,0.08,2.579706638342669,2.1632150192095727,8.142857142857142,57,0.7163265306122449
gb,0.7,0.55,0.1,2.579706638342669,2.1632150192095727,8.142857142857142,57,0.7163265306122449
gb,0.7,0.55,0.12,2.579706638342669,2.1632150192095727,8.142857142857142,57,0.7163265306122449
gb,0.7,0.55,0.14,2.579706638342669,2.1632150192095727,8.142857142857142,57,0.7163265306122449
gb,0.7,0.55,0.16,2.579706638342669,2.1632150192095727,8.142857142857142,57,0.7163265306122449
gb,0.7,0.55,0.18,2.579706638342669,2.1632150192095727,8.142857142857142,57,0.7163265306122449
gb,0.7,0.55,0.2,2.579706638342669,2.1632150192095727,8.142857142857142,57,0.7163265306122449
gb,0.7,0.6,0.0,3.243949517305371,2.205420185443012,8.0,32,0.7583333333333334
gb,0.7,0.6,0.02,3.243949517305371,2.205420185443012,8.0,32,0.7583333333333334
gb,0.7,0.6,0.04,3.243949517305371,2.205420185443012,8.0,32,0.7583333333333334
gb,0.7,0.6,0.06,3.243949517305371,2.205420185443012,8.0,32,0.7583333333333334
gb,0.7,0.6,0.08,3.243949517305371,2.205420185443012,8.0,32,0.7583333333333334
gb,0.7,0.6,0.1,3.243949517305371,2.205420185443012,8.0,32,0.7583333333333334
gb,0.7,0.6,0.12,3.243949517305371,2.205420185443012,8.0,32,0.7583333333333334
gb,0.7,0.6,0.14,3.243949517305371,2.205420185443012,8.0,32,0.7583333333333334
gb,0.7,0.6,0.16,3.243949517305371,2.205420185443012,8.0,32,0.7583333333333334
gb,0.7,0.6,0.18,3.243949517305371,2.205420185443012,8.0,32,0.7583333333333334
gb,0.7,0.6,0.2,3.243949517305371,2.205420185443012,8.0,32,0.7583333333333334
gb,0.7,0.65,0.0,3.582381172819734,2.5691904487536013,7.333333333333333,22,0.6904761904761904
gb,0.7,0.65,0.02,3.582381172819734,2.5691904487536013,7.333333333333333,22,0.6904761904761904
gb,0.7,0.65,0.04,3.582381172819734,2.5691904487536013,7.333333333333333,22,0.6904761904761904
gb,0.7,0.65,0.06,3.582381172819734,2.5691904487536013,7.333333333333333,22,0.6904761904761904
gb,0.7,0.65,0.08,3.582381172819734,2.5691904487536013,7.333333333333333,22,0.6904761904761904
gb,0.7,0.65,0.1,3.582381172819734,2.5691904487536013,7.333333333333333,22,0.6904761904761904
gb,0.7,0.65,0.12,3.582381172819734,2.5691904487536013,7.333333333333333,22,0.6904761904761904
gb,0.7,0.65,0.14,3.582381172819734,2.5691904487536013,7.333333333333333,22,0.6904761904761904
gb,0.7,0.65,0.16,3.582381172819734,2.5691904487536013,7.333333333333333,22,0.6904761904761904
gb,0.7,0.65,0.18,3.582381172819734,2.5691904487536013,7.333333333333333,22,0.6904761904761904
gb,0.7,0.65,0.2,3.582381172819734,2.5691904487536013,7.333333333333333,22,0.6904761904761904
gb,0.7,0.7,0.0,3.2103077885999,2.760111358413337,8.0,8,0.75
gb,0.7,0.7,0.02,3.2103077885999,2.760111358413337,8.0,8,0.75
gb,0.7,0.7,0.04,3.2103077885999,2.760111358413337,8.0,8,0.75
gb,0.7,0.7,0.06,3.2103077885999,2.760111358413337,8.0,8,0.75
gb,0.7,0.7,0.08,3.2103077885999,2.760111358413337,8.0,8,0.75
gb,0.7,0.7,0.1,3.2103077885999,2.760111358413337,8.0,8,0.75
gb,0.7,0.7,0.12,3.2103077885999,2.760111358413337,8.0,8,0.75
gb,0.7,0.7,0.14,3.2103077885999,2.760111358413337,8.0,8,0.75
gb,0.7,0.7,0.16,3.2103077885999,2.760111358413337,8.0,8,0.75
gb,0.7,0.7,0.18,3.2103077885999,2.760111358413337,8.0,8,0.75
gb,0.7,0.7,0.2,3.2103077885999,2.760111358413337,8.0,8,0.75
gb,0.7,0.75,0.0,2.847979431220375,2.3002862345363337,7.0,7,0.7142857142857143
gb,0.7,0.75,0.02,2.847979431220375,2.3002862345363337,7.0,7,0.7142857142857143
gb,0.7,0.75,0.04,2.847979431220375,2.3002862345363337,7.0,7,0.7142857142857143
gb,0.7,0.75,0.06,2.847979431220375,2.3002862345363337,7.0,7,0.7142857142857143
gb,0.7,0.75,0.08,2.847979431220375,2.3002862345363337,7.0,7,0.7142857142857143
gb,0.7,0.75,0.1,2.847979431220375,2.3002862345363337,7.0,7,0.7142857142857143
gb,0.7,0.75,0.12,2.847979431220375,2.3002862345363337,7.0,7,0.7142857142857143
gb,0.7,0.75,0.14,2.847979431220375,2.3002862345363337,7.0,7,0.7142857142857143
gb,0.7,0.75,0.16,2.847979431220375,2.3002862345363337,7.0,7,0.7142857142857143
gb,0.7,0.75,0.18,2.847979431220375,2.3002862345363337,7.0,7,0.7142857142857143
gb,0.7,0.75,0.2,2.847979431220375,2.3002862345363337,7.0,7,0.7142857142857143
gb,0.75,0.35,0.0,0.7389450917329308,0.9877423374977673,10.678571428571429,299,0.5538909503195218
gb,0.75,0.35,0.02,0.7389450917329308,0.9877423374977673,10.678571428571429,299,0.5538909503195218
gb,0.75,0.35,0.04,0.7389450917329308,0.9877423374977673,10.678571428571429,299,0.5538909503195218
gb,0.75,0.35,0.06,0.7389450917329308,0.9877423374977673,10.678571428571429,299,0.5538909503195218
gb,0.75,0.35,0.08,0.7389450917329308,0.9877423374977673,10.678571428571429,299,0.5538909503195218
gb,0.75,0.35,0.1,0.7389450917329308,0.9877423374977673,10.678571428571429,299,0.5538909503195218
gb,0.75,0.35,0.12,0.7389450917329308,0.9877423374977673,10.678571428571429,299,0.5538909503195218
gb,0.75,0.35,0.14,0.7389450917329308,0.9877423374977673,10.678571428571429,299,0.5538909503195218
gb,0.75,0.35,0.16,0.7389450917329308,0.9877423374977673,10.678571428571429,299,0.5538909503195218
gb,0.75,0.35,0.18,0.7389450917329308,0.9877423374977673,10.678571428571429,299,0.5538909503195218
gb,0.75,0.35,0.2,0.7389450917329308,0.9877423374977673,10.678571428571429,299,0.5538909503195218
gb,0.75,0.4,0.0,1.523497539951435,1.187038056275967,10.428571428571429,219,0.5477836977836977
gb,0.75,0.4,0.02,1.523497539951435,1.187038056275967,10.428571428571429,219,0.5477836977836977
gb,0.75,0.4,0.04,1.523497539951435,1.187038056275967,10.428571428571429,219,0.5477836977836977
gb,0.75,0.4,0.06,1.523497539951435,1.187038056275967,10.428571428571429,219,0.5477836977836977
gb,0.75,0.4,0.08,1.523497539951435,1.187038056275967,10.428571428571429,219,0.5477836977836977
gb,0.75,0.4,0.1,1.523497539951435,1.187038056275967,10.428571428571429,219,0.5477836977836977
gb,0.75,0.4,0.12,1.523497539951435,1.187038056275967,10.428571428571429,219,0.5477836977836977
gb,0.75,0.4,0.14,1.523497539951435,1.187038056275967,10.428571428571429,219,0.5477836977836977
gb,0.75,0.4,0.16,1.523497539951435,1.187038056275967,10.428571428571429,219,0.5477836977836977
gb,0.75,0.4,0.18,1.523497539951435,1.187038056275967,10.428571428571429,219,0.5477836977836977
gb,0.75,0.4,0.2,1.523497539951435,1.187038056275967,10.428571428571429,219,0.5477836977836977
gb,0.75,0.45,0.0,1.4869574633997267,1.3362592482966873,9.533333333333333,143,0.5974177674177674
gb,0.75,0.45,0.02,1.4869574633997267,1.3362592482966873,9.533333333333333,143,0.5974177674177674
gb,0.75,0.45,0.04,1.4869574633997267,1.3362592482966873,9.533333333333333,143,0.5974177674177674
gb,0.75,0.45,0.06,1.4869574633997267,1.3362592482966873,9.533333333333333,143,0.5974177674177674
gb,0.75,0.45,0.08,1.4869574633997267,1.3362592482966873,9.533333333333333,143,0.5974177674177674
gb,0.75,0.45,0.1,1.4869574633997267,1.3362592482966873,9.533333333333333,143,0.5974177674177674
gb,0.75,0.45,0.12,1.4869574633997267,1.3362592482966873,9.533333333333333,143,0.5974177674177674
gb,0.75,0.45,0.14,1.4869574633997267,1.3362592482966873,9.533333333333333,143,0.5974177674177674
gb,0.75,0.45,0.16,1.4869574633997267,1.3362592482966873,9.533333333333333,143,0.5974177674177674
gb,0.75,0.45,0.18,1.4869574633997267,1.3362592482966873,9.533333333333333,143,0.5974177674177674
gb,0.75,0.45,0.2,1.4869574633997267,1.3362592482966873,9.533333333333333,143,0.5974177674177674
gb,0.75,0.5,0.0,1.8138860982458056,1.4969807932446018,8.818181818181818,97,0.5583499833499833
gb,0.75,0.5,0.02,1.8138860982458056,1.4969807932446018,8.818181818181818,97,0.5583499833499833
gb,0.75,0.5,0.04,1.8138860982458056,1.4969807932446018,8.818181818181818,97,0.5583499833499833
gb,0.75,0.5,0.06,1.8138860982458056,1.4969807932446018,8.818181818181818,97,0.5583499833499833
gb,0.75,0.5,0.08,1.8138860982458056,1.4969807932446018,8.818181818181818,97,0.5583499833499833
gb,0.75,0.5,0.1,1.8138860982458056,1.4969807932446018,8.818181818181818,97,0.5583499833499833
gb,0.75,0.5,0.12,1.8138860982458056,1.4969807932446018,8.818181818181818,97,0.5583499833499833
gb,0.75,0.5,0.14,1.8138860982458056,1.4969807932446018,8.818181818181818,97,0.5583499833499833
gb,0.75,0.5,0.16,1.8138860982458056,1.4969807932446018,8.818181818181818,97,0.5583499833499833
gb,0.75,0.5,0.18,1.8138860982458056,1.4969807932446018,8.818181818181818,97,0.5583499833499833
gb,0.75,0.5,0.2,1.8138860982458056,1.4969807932446018,8.818181818181818,97,0.5583499833499833
gb,0.75,0.55,0.0,2.579706638342669,2.1632150192095727,8.142857142857142,57,0.7163265306122449
gb,0.75,0.55,0.02,2.579706638342669,2.1632150192095727,8.142857142857142,57,0.7163265306122449
gb,0.75,0.55,0.04,2.579706638342669,2.1632150192095727,8.142857142857142,57,0.7163265306122449
gb,0.75,0.55,0.06,2.579706638342669,2.1632150192095727,8.142857142857142,57,0.7163265306122449
gb,0.75,0.55,0.08,2.579706638342669,2.1632150192095727,8.142857142857142,57,0.7163265306122449
gb,0.75,0.55,0.1,2.579706638342669,2.1632150192095727,8.142857142857142,57,0.7163265306122449
gb,0.75,0.55,0.12,2.579706638342669,2.1632150192095727,8.142857142857142,57,0.7163265306122449
gb,0.75,0.55,0.14,2.579706638342669,2.1632150192095727,8.142857142857142,57,0.7163265306122449
gb,0.75,0.55,0.16,2.579706638342669,2.1632150192095727,8.142857142857142,57,0.7163265306122449
gb,0.75,0.55,0.18,2.579706638342669,2.1632150192095727,8.142857142857142,57,0.7163265306122449
gb,0.75,0.55,0.2,2.579706638342669,2.1632150192095727,8.142857142857142,57,0.7163265306122449
gb,0.75,0.6,0.0,3.243949517305371,2.205420185443012,8.0,32,0.7583333333333334
gb,0.75,0.6,0.02,3.243949517305371,2.205420185443012,8.0,32,0.7583333333333334
gb,0.75,0.6,0.04,3.243949517305371,2.205420185443012,8.0,32,0.7583333333333334
gb,0.75,0.6,0.06,3.243949517305371,2.205420185443012,8.0,32,0.7583333333333334
gb,0.75,0.6,0.08,3.243949517305371,2.205420185443012,8.0,32,0.7583333333333334
gb,0.75,0.6,0.1,3.243949517305371,2.205420185443012,8.0,32,0.7583333333333334
gb,0.75,0.6,0.12,3.243949517305371,2.205420185443012,8.0,32,0.7583333333333334
gb,0.75,0.6,0.14,3.243949517305371,2.205420185443012,8.0,32,0.7583333333333334
gb,0.75,0.6,0.16,3.243949517305371,2.205420185443012,8.0,32,0.7583333333333334
gb,0.75,0.6,0.18,3.243949517305371,2.205420185443012,8.0,32,0.7583333333333334
gb,0.75,0.6,0.2,3.243949517305371,2.205420185443012,8.0,32,0.7583333333333334
gb,0.75,0.65,0.0,3.582381172819734,2.5691904487536013,7.333333333333333,22,0.6904761904761904
gb,0.75,0.65,0.02,3.582381172819734,2.5691904487536013,7.333333333333333,22,0.6904761904761904
gb,0.75,0.65,0.04,3.582381172819734,2.5691904487536013,7.333333333333333,22,0.6904761904761904
gb,0.75,0.65,0.06,3.582381172819734,2.5691904487536013,7.333333333333333,22,0.6904761904761904
gb,0.75,0.65,0.08,3.582381172819734,2.5691904487536013,7.333333333333333,22,0.6904761904761904
gb,0.75,0.65,0.1,3.582381172819734,2.5691904487536013,7.333333333333333,22,0.6904761904761904
gb,0.75,0.65,0.12,3.582381172819734,2.5691904487536013,7.333333333333333,22,0.6904761904761904
gb,0.75,0.65,0.14,3.582381172819734,2.5691904487536013,7.333333333333333,22,0.6904761904761904
gb,0.75,0.65,0.16,3.582381172819734,2.5691904487536013,7.333333333333333,22,0.6904761904761904
gb,0.75,0.65,0.18,3.582381172819734,2.5691904487536013,7.333333333333333,22,0.6904761904761904
gb,0.75,0.65,0.2,3.582381172819734,2.5691904487536013,7.333333333333333,22,0.6904761904761904
gb,0.75,0.7,0.0,3.2103077885999,2.760111358413337,8.0,8,0.75
gb,0.75,0.7,0.02,3.2103077885999,2.760111358413337,8.0,8,0.75
gb,0.75,0.7,0.04,3.2103077885999,2.760111358413337,8.0,8,0.75
gb,0.75,0.7,0.06,3.2103077885999,2.760111358413337,8.0,8,0.75
gb,0.75,0.7,0.08,3.2103077885999,2.760111358413337,8.0,8,0.75
gb,0.75,0.7,0.1,3.2103077885999,2.760111358413337,8.0,8,0.75
gb,0.75,0.7,0.12,3.2103077885999,2.760111358413337,8.0,8,0.75
gb,0.75,0.7,0.14,3.2103077885999,2.760111358413337,8.0,8,0.75
gb,0.75,0.7,0.16,3.2103077885999,2.760111358413337,8.0,8,0.75
gb,0.75,0.7,0.18,3.2103077885999,2.760111358413337,8.0,8,0.75
gb,0.75,0.7,0.2,3.2103077885999,2.760111358413337,8.0,8,0.75
gb,0.75,0.75,0.0,2.847979431220375,2.3002862345363337,7.0,7,0.7142857142857143
gb,0.75,0.75,0.02,2.847979431220375,2.3002862345363337,7.0,7,0.7142857142857143
gb,0.75,0.75,0.04,2.847979431220375,2.3002862345363337,7.0,7,0.7142857142857143
gb,0.75,0.75,0.06,2.847979431220375,2.3002862345363337,7.0,7,0.7142857142857143
gb,0.75,0.75,0.08,2.847979431220375,2.3002862345363337,7.0,7,0.7142857142857143
gb,0.75,0.75,0.1,2.847979431220375,2.3002862345363337,7.0,7,0.7142857142857143
gb,0.75,0.75,0.12,2.847979431220375,2.3002862345363337,7.0,7,0.7142857142857143
gb,0.75,0.75,0.14,2.847979431220375,2.3002862345363337,7.0,7,0.7142857142857143
gb,0.75,0.75,0.16,2.847979431220375,2.3002862345363337,7.0,7,0.7142857142857143
gb,0.75,0.75,0.18,2.847979431220375,2.3002862345363337,7.0,7,0.7142857142857143
gb,0.75,0.75,0.2,2.847979431220375,2.3002862345363337,7.0,7,0.7142857142857143
